"","ID","Site","Lat","Long","Mean_T","Mean_precip","AGB","L_AGB","T_AGB","Age","A_L_Ratio","A_T_Ratio","Ref"
"1","1","318",63,145,-16.8,316,3.8,NA,5.3,140,NA,0.73,"Bondarev, 1997"
"2","2","372",66.87,102.33,-13,320,3.6,NA,4.3,102,NA,0.84,"Bondarev, 1997"
"3","3","372",66.87,102.33,-13,320,5.5,NA,6.6,154,NA,0.83,"Bondarev, 1997"
"4","4","372",66.87,102.33,-13,320,7.2,NA,9.2,154,NA,0.79,"Bondarev, 1997"
"5","5","372",72.5,101.83,-13.4,273,3,NA,3.9,210,NA,0.78,"Bondarev, 1997"
"6","6","372",66.87,102.33,-13,320,6.1,NA,7.9,175,NA,0.77,"Bondarev, 1997"
"7","7","372",71.28,99.5,-12.7,285,10.1,NA,13.3,230,NA,0.76,"Bondarev, 1997"
"8","8","372",72.57,105.33,-13.3,250,6.4,NA,8.6,203,NA,0.75,"Bondarev, 1997"
"9","9","372",70.88,102.93,-13.6,276,6.2,NA,8.3,292,NA,0.74,"Bondarev, 1997"
"10","10","372",66.87,102.33,-13,320,10.1,NA,13.7,172,NA,0.74,"Bondarev, 1997"
"11","11","372",68.73,104.33,-12.5,262,10.3,NA,14.4,257,NA,0.71,"Bondarev, 1997"
"12","12","372",72.57,105.33,-13.3,250,6.4,NA,NA,NA,NA,NA,"Bondarev, 1997"
"13","13","372",70.89,102.93,-13.6,275,6.2,NA,NA,NA,NA,NA,"Bondarev, 1997"
"14","14","372",72.5,101.83,-13.4,273,3,NA,NA,NA,NA,NA,"Bondarev, 1997"
"15","15","372",71.28,99.5,-12.7,285,10.1,NA,NA,NA,NA,NA,"Bondarev, 1997"
"16","16","372",68.73,104.33,-12.5,262,11.4,NA,NA,NA,NA,NA,"Bondarev, 1997"
"17","17","372",66.87,102.33,-13,320,10.1,NA,NA,NA,NA,NA,"Bondarev, 1997"
"18","18","405",26.47,117.95,19.3,1669,306.3,392.86,NA,80,0.78,NA,"CERN"
"19","19","405",26.47,117.95,19.3,1669,268.1,347.83,NA,80,0.77,NA,"CERN"
"20","20","223",47,129,1.7,545,37,52,NA,101,0.71,NA,"CERN"
"21","21","104",38.7,100,-3.7,347,120.5,NA,164.5,193,NA,0.73,"Chang et al., 1997"
"22","22","104",38.7,100,-3.7,347,79.9,NA,108,165,NA,0.74,"Chang et al., 1997"
"23","23","104",38.7,100,-3.7,347,50.8,NA,68.6,255,NA,0.74,"Chang et al., 1997"
"24","24","149",-12.2333,131.0833,27.4,1700,33.6,NA,52.9,NA,NA,0.64,"Chen et al., 2003"
"25","25","167",-12.4943,131.151993,27.3,1700,33.6,NA,52.9,NA,NA,0.64,"Chen et al., 2003"
"26","26","172",-12.6,131.1667,27.3,1700,33.6,NA,52.9,NA,NA,0.64,"Chen et al., 2003"
"27","27","378",-12.7,131,27.3,1700,33.6,NA,52.9,NA,NA,0.64,"Chen et al., 2003"
"28","28","330",37.47,101.21,0.1,459,55.7,74.6,NA,150,0.75,NA,"China’s Forest Editorial Committee, 1999"
"29","29","418",37.27,101.95,1,490,61,77.59,NA,170,0.79,NA,"China’s Forest Editorial Committee, 1999"
"30","30","434",37.3,101.6,-1.6,494,53,73.52,NA,180,0.72,NA,"China’s Forest Editorial Committee, 1999"
"31","31","434",37.3,101.6,-1.6,494,59.2,82.73,NA,206,0.72,NA,"China’s Forest Editorial Committee, 1999"
"32","32","434",37.3,101.6,-1.6,494,139.8,197.41,NA,290,0.71,NA,"China’s Forest Editorial Committee, 1999"
"33","33","446",35.02,100.05,-1.6,430,128.1,189.28,NA,252,0.68,NA,"China’s Forest Editorial Committee, 1999"
"34","34","446",35.02,100.05,-1.6,430,97.9,147.65,NA,263,0.66,NA,"China’s Forest Editorial Committee, 1999"
"35","35","40",29.92,95.88,9,850,717.6,NA,NA,350,NA,NA,"Feng et al., 1999"
"36","36","308",44.25,-122.18,8.5,2118,615.3,NA,958,450,NA,0.64,"Hudiburg et al., 2009"
"37","37","308",44.21,-122.24,10.3,1869,422.1,NA,658,460,NA,0.64,"Hudiburg et al., 2009"
"38","38","308",44.22,-122.25,10.4,1859,253.7,NA,401.9,450,NA,0.63,"Hudiburg et al., 2009"
"39","39","308",44.21,-122.22,10.1,2003,307.3,NA,487.4,450,NA,0.63,"Hudiburg et al., 2009"
"40","40","308",44.21,-122.15,5.8,2260,407.9,NA,652.5,460,NA,0.63,"Hudiburg et al., 2009"
"41","41","308",44.23,-122.12,7,2332,605.9,NA,974.8,460,NA,0.62,"Hudiburg et al., 2009"
"42","42","308",44.23,-122.15,8,2264,550.5,NA,896.9,450,NA,0.61,"Hudiburg et al., 2009"
"43","43","308",44.2,-122.26,11.4,1719,283.9,NA,464.9,460,NA,0.61,"Hudiburg et al., 2009"
"44","44","308",44.21,-122.24,8.9,1906,521.2,NA,856.4,460,NA,0.61,"Hudiburg et al., 2009"
"45","45","308",44.26,-122.18,8.1,2101,498.4,NA,825.8,450,NA,0.6,"Hudiburg et al., 2009"
"46","46","308",44.22,-122.24,10.9,1868,314.9,NA,552.3,460,NA,0.57,"Hudiburg et al., 2009"
"47","47","308",44.23,-122.12,7.1,1240,359,NA,651.1,450,NA,0.55,"Hudiburg et al., 2009"
"48","48","308",44.26,-122.16,7.8,2202,411.5,NA,774.8,460,NA,0.53,"Hudiburg et al., 2009"
"49","49","308",44.27,-122.14,3.8,2282,328.2,NA,741.2,450,NA,0.44,"Hudiburg et al., 2009"
"50","50","309",45.06,-123.99,7.9,2417,472.9,NA,754.1,150,NA,0.63,"Hudiburg et al., 2009"
"51","51","309",45.07,-123.94,9,2552,531.1,NA,864.6,150,NA,0.61,"Hudiburg et al., 2009"
"52","52","309",45.04,-123.9,8.6,2660,472,NA,776.8,150,NA,0.61,"Hudiburg et al., 2009"
"53","53","309",45.07,-123.94,9,2554,498.6,NA,837.8,150,NA,0.6,"Hudiburg et al., 2009"
"54","54","309",45.06,-123.94,8.7,2559,432.1,NA,730.3,150,NA,0.59,"Hudiburg et al., 2009"
"55","55","309",45.07,-123.94,9,2549,380.3,NA,665.2,150,NA,0.57,"Hudiburg et al., 2009"
"56","56","309",45.05,-123.9,8.5,2651,405.5,NA,738.8,150,NA,0.55,"Hudiburg et al., 2009"
"57","57","309",45.05,-123.9,8.3,2658,391.4,NA,724.1,150,NA,0.54,"Hudiburg et al., 2009"
"58","58","310",44.49,-121.63,8.1,355,82.5,NA,172.9,300,NA,0.48,"Hudiburg et al., 2009"
"59","59","311",43.71,-121.61,5.8,549,107,NA,189.5,500,NA,0.56,"Hudiburg et al., 2009"
"60","60","311",43.71,-121.6,5,539,77,NA,141.6,400,NA,0.54,"Hudiburg et al., 2009"
"61","61","311",43.71,-121.61,5.7,545,66.9,NA,128.3,400,NA,0.52,"Hudiburg et al., 2009"
"62","62","397",46.96,-121.84,3.9,2500,338.9,NA,496.9,1200,NA,0.68,"Hudiburg et al., 2009"
"63","63","397",47,-121.88,8.1,2112,349.2,NA,572.9,550,NA,0.61,"Hudiburg et al., 2009"
"64","64","397",46.82,-121.55,5.4,2249,379.6,NA,632.4,1000,NA,0.6,"Hudiburg et al., 2009"
"65","65","397",46.77,-121.74,4.1,2812,342.4,NA,582.3,300,NA,0.59,"Hudiburg et al., 2009"
"66","66","397",46.78,-121.78,6,2658,487.9,NA,853.7,750,NA,0.57,"Hudiburg et al., 2009"
"67","67","397",46.75,-121.8,6.1,2421,346.9,NA,625.5,700,NA,0.55,"Hudiburg et al., 2009"
"68","68","397",46.74,-121.89,8.8,2166,378.7,NA,731.8,750,NA,0.52,"Hudiburg et al., 2009"
"69","69","397",46.83,-121.55,6.6,2257,196,NA,385,1000,NA,0.51,"Hudiburg et al., 2009"
"70","70","397",46.92,-121.54,7.3,2076,265.1,NA,553.4,500,NA,0.48,"Hudiburg et al., 2009"
"71","71","398",45.83,-121.97,7.8,2496,542.9,NA,941.1,470,NA,0.58,"Hudiburg et al., 2009"
"72","72","399",47.78,-123.91,8.2,3669,406.7,NA,658.7,280,NA,0.62,"Hudiburg et al., 2009"
"73","73","399",47.78,-123.91,8.2,3669,458.1,NA,788.8,280,NA,0.58,"Hudiburg et al., 2009"
"74","74","399",47.43,-123.87,8.9,2893,331.9,NA,585.1,230,NA,0.57,"Hudiburg et al., 2009"
"75","75","399",47.43,-123.87,8.9,2899,313.5,NA,554.8,230,NA,0.57,"Hudiburg et al., 2009"
"76","76","399",47.78,-123.91,8.2,3669,278,NA,513.8,280,NA,0.54,"Hudiburg et al., 2009"
"77","77","399",47.78,-123.91,8.2,3669,293.4,NA,550.5,280,NA,0.53,"Hudiburg et al., 2009"
"78","78","399",47.83,-123.99,8.9,3026,368.2,NA,718.3,230,NA,0.51,"Hudiburg et al., 2009"
"79","79","88",69,160,-12.7,310,8.2,NA,13.6,155,NA,0.6,"Kajimoto et al., 2006"
"80","80","88",69,160,-12.7,310,8.2,NA,NA,NA,NA,NA,"Kajimoto et al., 2006"
"81","81","318",63,145,-18,510,3.8,NA,NA,NA,NA,NA,"Kajimoto et al., 2006"
"82","82","391",64,100,-9.4,600,3.1,NA,4.6,100,NA,0.68,"Kajimoto et al., 2006"
"83","83","391",64,100,-9.4,600,11.6,NA,17.5,220,NA,0.66,"Kajimoto et al., 2006"
"84","84","391",72,101,-13,420,3,NA,NA,NA,NA,NA,"Kajimoto et al., 2006"
"85","85","391",61,152,-12.2,670,42.9,NA,NA,NA,NA,NA,"Kajimoto et al., 2006"
"86","86","391",70,90,-12.1,690,27.7,NA,NA,NA,NA,NA,"Kajimoto et al., 2006"
"87","87","391",62,129,-10.2,460,61.5,NA,NA,NA,NA,NA,"Kajimoto et al., 2006"
"88","88","391",64,100,-9.4,600,3.1,NA,NA,NA,NA,NA,"Kajimoto et al., 2006"
"89","89","391",64,100,-9.4,600,12.6,NA,NA,NA,NA,NA,"Kajimoto et al., 2006"
"90","90","391",66,87,-6.6,850,51.9,NA,NA,NA,NA,NA,"Kajimoto et al., 2006"
"91","91","391",60,148,-5.9,700,91.4,NA,NA,NA,NA,NA,"Kajimoto et al., 2006"
"92","92","391",62,90,-4.1,910,105.5,NA,NA,NA,NA,NA,"Kajimoto et al., 2006"
"93","93","391",52,94,-2.5,920,90.9,NA,NA,NA,NA,NA,"Kajimoto et al., 2006"
"94","94","179",48.371,23.67,7,800,127.7,NA,NA,250,NA,NA,"Keeton et al., 2010"
"95","95","179",48.371,23.67,7,800,151.5,NA,NA,250,NA,NA,"Keeton et al., 2010"
"96","96","179",48.438,23.39,7,800,90.6,NA,NA,150,NA,NA,"Keeton et al., 2010"
"97","97","247",18.58,-95.08,27,4700,181,NA,195,NA,NA,0.93,"Keith et al., 2009"
"98","98","90",-40.5,-73.5,10.6,1600,142,NA,NA,NA,NA,NA,"Keith et al., 2009"
"99","99","314",45,-123.9,8.6,2575,465,NA,762,NA,NA,0.61,"Keith et al., 2009"
"100","100","4",64.75,-148.25,-3.5,269,61,NA,NA,NA,NA,NA,"Keith et al., 2009"
"101","101","4",64,-148,-3.4,275,43,NA,NA,NA,NA,NA,"Keith et al., 2009"
"102","102","5",58.37,-134.72,10,3550,325,NA,582,NA,NA,0.56,"Keith et al., 2009"
"103","103","14",-0.63,-72.37,25.5,2998,175,NA,NA,NA,NA,NA,"Keith et al., 2009"
"104","104","19",-35.72,173.63,13.9,1640,672,NA,982,NA,NA,0.68,"Keith et al., 2009"
"105","105","19",-36.9,174.57,14.4,1341,312,NA,400,NA,NA,0.78,"Keith et al., 2009"
"106","106","53",54,-115,0,462,113,NA,NA,NA,NA,NA,"Keith et al., 2009"
"107","107","59",58,-118,-5.5,350,99,NA,NA,NA,NA,NA,"Keith et al., 2009"
"108","108","60",51,-99,-4,400,33,NA,NA,NA,NA,NA,"Keith et al., 2009"
"109","109","61",59,-110,-4,350,47,NA,NA,NA,NA,NA,"Keith et al., 2009"
"110","110","67",64.72,26.02,2,500,34,NA,67,NA,NA,0.51,"Keith et al., 2009"
"111","111","68",-37.62,145.79,9.4,1670,1053,NA,1867,500,NA,0.56,"Keith et al., 2009"
"112","112","69",-37.62,145.79,9.4,1668,501,NA,1141,NA,NA,0.44,"Keith et al., 2009"
"113","113","70",60.75,89.41,-3.7,493,62,NA,NA,NA,NA,NA,"Keith et al., 2009"
"114","114","70",60.73,89.32,-3.7,493,149,NA,NA,NA,NA,NA,"Keith et al., 2009"
"115","115","71",60.72,89.13,-3.7,493,65,NA,NA,NA,NA,NA,"Keith et al., 2009"
"116","116","71",60.72,89.13,-3.7,493,121,NA,NA,NA,NA,NA,"Keith et al., 2009"
"117","117","72",-43.25,172,8,1447,123,NA,150,NA,NA,0.82,"Keith et al., 2009"
"118","118","73",-37.43,145.18,10.4,1244,678,NA,1000,NA,NA,0.68,"Keith et al., 2009"
"119","119","86",10.93,103.4,27.8,3726,191,NA,NA,NA,NA,NA,"Keith et al., 2009"
"120","120","91",50.83,121.5,-5.4,500,26,NA,NA,NA,NA,NA,"Keith et al., 2009"
"121","121","91",50.68,121.84,-4,425,31,NA,NA,NA,NA,NA,"Keith et al., 2009"
"122","122","91",52.73,123.83,-3,425,28,NA,NA,NA,NA,NA,"Keith et al., 2009"
"123","123","91",52.73,123.83,-3,425,30,NA,NA,NA,NA,NA,"Keith et al., 2009"
"124","124","91",52.73,123.83,-3,425,93,NA,NA,NA,NA,NA,"Keith et al., 2009"
"125","125","94",40.28,-105.63,1.5,1000,124,NA,289,NA,NA,0.43,"Keith et al., 2009"
"126","126","95",-42.5,-74,7.2,5000,146,NA,326,NA,NA,0.45,"Keith et al., 2009"
"127","127","95",-42.5,-74,7.2,5000,179,NA,395,NA,NA,0.45,"Keith et al., 2009"
"128","128","95",-42.5,-74,7.2,5000,268,NA,450,NA,NA,0.6,"Keith et al., 2009"
"129","129","118",-0.22,-78.05,7.2,1500,163,NA,NA,NA,NA,NA,"Keith et al., 2009"
"130","130","119",18,-77,24.4,1685,204,NA,204,NA,NA,NA,"Keith et al., 2009"
"131","131","120",43.7,-121.6,6.2,497,85,NA,157,NA,NA,0.54,"Keith et al., 2009"
"132","132","130",4.75,-53,25.8,2757,155,NA,NA,NA,NA,NA,"Keith et al., 2009"
"133","133","135",56.45,32.92,3.6,714,95,NA,NA,NA,NA,NA,"Keith et al., 2009"
"134","134","139",-37.28,149.15,10.4,1165,310,NA,489,NA,NA,0.63,"Keith et al., 2009"
"135","135","145",35.67,-83.38,10.3,1744,199,NA,NA,NA,NA,NA,"Keith et al., 2009"
"136","136","173",37.52,-89.32,14.4,1270,131,NA,NA,NA,NA,NA,"Keith et al., 2009"
"137","137","175",39.83,-86.18,11,1028,117,NA,NA,NA,NA,NA,"Keith et al., 2009"
"138","138","176",53,103,-1.2,470,71,NA,NA,NA,NA,NA,"Keith et al., 2009"
"139","139","182",60.82,16.5,3,731,29,NA,NA,NA,NA,NA,"Keith et al., 2009"
"140","140","196",63.85,28.97,1.2,709,82,NA,123,NA,NA,0.67,"Keith et al., 2009"
"141","141","203",37.72,-83.8,12.7,1230,165,NA,NA,NA,NA,NA,"Keith et al., 2009"
"142","142","204",7.5,99.8,27.2,2700,182,NA,NA,NA,NA,NA,"Keith et al., 2009"
"143","143","207",64.67,47.5,-1.2,499,66,NA,NA,NA,NA,NA,"Keith et al., 2009"
"144","144","213",9.85,-83.6,26,4000,87,NA,NA,NA,NA,NA,"Keith et al., 2009"
"145","145","238",55.42,26.02,6,760,75,NA,133,NA,NA,0.56,"Keith et al., 2009"
"146","146","240",62.85,30.88,1.7,640,25,NA,NA,NA,NA,NA,"Keith et al., 2009"
"147","147","251",18.42,-65.92,19.7,1885,224,NA,298,NA,NA,0.75,"Keith et al., 2009"
"148","148","254",-42.16,171.75,10.9,2600,153,NA,352,NA,NA,0.43,"Keith et al., 2009"
"149","149","259",-2.5,-60,26.7,2200,162,NA,NA,NA,NA,NA,"Keith et al., 2009"
"150","150","259",-2.97,-60.18,26.7,2285,180,NA,NA,NA,NA,NA,"Keith et al., 2009"
"151","151","260",3.1,-60.03,27.4,1571,237,NA,399,NA,NA,0.59,"Keith et al., 2009"
"152","152","269",-6,145.18,13,4000,387,NA,NA,NA,NA,NA,"Keith et al., 2009"
"153","153","286",-35.37,148.83,10.3,1185,199,NA,333,NA,NA,0.6,"Keith et al., 2009"
"154","154","297",-41.52,172.75,10.5,1307,166,NA,289,NA,NA,0.57,"Keith et al., 2009"
"155","155","302",69.73,27.02,-1,450,14,NA,54,NA,NA,0.26,"Keith et al., 2009"
"156","156","303",-30.33,152.64,15.2,1467,298,NA,477,NA,NA,0.62,"Keith et al., 2009"
"157","157","303",-28.5,153,18.9,1192,182,NA,252,NA,NA,0.72,"Keith et al., 2009"
"158","158","304",-8.75,-63.38,26.2,2300,143,NA,163,NA,NA,0.88,"Keith et al., 2009"
"159","159","306",-35.6,149.88,10.8,1090,270,NA,487,NA,NA,0.55,"Keith et al., 2009"
"160","160","306",-37,149.5,11.2,1051,218,NA,319,NA,NA,0.68,"Keith et al., 2009"
"161","161","306",-35.47,150.11,13.8,1097,447,NA,615,NA,NA,0.73,"Keith et al., 2009"
"162","162","312",44,-122.67,10.1,1789,440,NA,514,NA,NA,0.86,"Keith et al., 2009"
"163","163","313",44.2,-122.2,8.4,2002,432,NA,707,NA,NA,0.61,"Keith et al., 2009"
"164","164","313",44,-122.5,8.5,2300,356,NA,568,NA,NA,0.63,"Keith et al., 2009"
"165","165","313",44,-122.5,8.5,2300,587,NA,794,NA,NA,0.74,"Keith et al., 2009"
"166","166","313",44,-122.5,10.1,1789,331,NA,526,NA,NA,0.63,"Keith et al., 2009"
"167","167","314",45,-123.93,10.1,3115,436,NA,626,NA,NA,0.7,"Keith et al., 2009"
"168","168","315",43.5,-122,4.6,404,158,NA,202,NA,NA,0.78,"Keith et al., 2009"
"169","169","316",66.37,29,0,500,51,NA,NA,NA,NA,NA,"Keith et al., 2009"
"170","170","321",2.97,102.3,28,1842,215,NA,NA,NA,NA,NA,"Keith et al., 2009"
"171","171","325",19.5,99,24,1364,146,NA,NA,NA,NA,NA,"Keith et al., 2009"
"172","172","337",-10.12,-68,25,1940,95,NA,NA,NA,NA,NA,"Keith et al., 2009"
"173","173","338",1.93,-67.05,24.9,3500,117,NA,159,NA,NA,0.74,"Keith et al., 2009"
"174","174","340",-9.2,-60.05,25.2,2354,195,NA,NA,NA,NA,NA,"Keith et al., 2009"
"175","175","342",66.34,25.5,0.5,591,77,NA,116,NA,NA,0.66,"Keith et al., 2009"
"176","176","345",1.92,-67.07,26,3600,138,NA,350,NA,NA,0.39,"Keith et al., 2009"
"177","177","345",1.92,-67.07,26,3600,182,NA,320,NA,NA,0.57,"Keith et al., 2009"
"178","178","346",-39.63,-72.08,9.7,2400,332,NA,428,NA,NA,0.78,"Keith et al., 2009"
"179","179","346",-39.63,-72.08,9.7,2400,439,NA,571,NA,NA,0.77,"Keith et al., 2009"
"180","180","350",53.99,-104.99,-1.1,405,35,NA,63,NA,NA,0.56,"Keith et al., 2009"
"181","181","350",53.99,-104.99,-1.1,405,93,NA,136,NA,NA,0.68,"Keith et al., 2009"
"182","182","349",53.99,-104.99,-1.1,405,49,NA,66,NA,NA,0.74,"Keith et al., 2009"
"183","183","352",-1.5,116.97,27,1862,254,NA,NA,NA,NA,NA,"Keith et al., 2009"
"184","184","352",-1.5,116.97,27,1862,436,NA,NA,NA,NA,NA,"Keith et al., 2009"
"185","185","364",35.68,-83.42,12.7,1306,236,NA,NA,NA,NA,NA,"Keith et al., 2009"
"186","186","365",61.65,29.28,4,550,28,NA,64,NA,NA,0.44,"Keith et al., 2009"
"187","187","366",-37.26,148.71,11.2,1041,294,NA,433,NA,NA,0.68,"Keith et al., 2009"
"188","188","367",50.47,22.98,8,600,68,NA,143,NA,NA,0.48,"Keith et al., 2009"
"189","189","368",-27.33,152.75,17,1448,224,NA,310,NA,NA,0.72,"Keith et al., 2009"
"190","190","369",-42.83,146.57,8.6,1503,752,NA,1302,NA,NA,0.58,"Keith et al., 2009"
"191","191","369",-43.21,146.7,9.8,1722,444,NA,673,NA,NA,0.66,"Keith et al., 2009"
"192","192","369",-43.09,146.7,9.9,1490,668,NA,956,NA,NA,0.7,"Keith et al., 2009"
"193","193","373",61.28,23.44,4,548,102,NA,153,NA,NA,0.67,"Keith et al., 2009"
"194","194","375",3.04,-54.95,25,2000,141,NA,202,NA,NA,0.7,"Keith et al., 2009"
"195","195","376",-2.85,-54.97,24.5,1909,141,NA,NA,NA,NA,NA,"Keith et al., 2009"
"196","196","376",-2.85,-54.97,25,1920,153,NA,161,NA,NA,0.95,"Keith et al., 2009"
"197","197","384",14.67,98.68,25,1650,48,NA,NA,NA,NA,NA,"Keith et al., 2009"
"198","198","384",14.67,98.68,25,1650,70,NA,NA,NA,NA,NA,"Keith et al., 2009"
"199","199","384",14.67,98.68,25,1650,138,NA,NA,NA,NA,NA,"Keith et al., 2009"
"200","200","390",64.32,100.22,-9.5,322,11,NA,NA,NA,NA,NA,"Keith et al., 2009"
"201","201","394",5,117.5,26.7,2700,165,NA,NA,NA,NA,NA,"Keith et al., 2009"
"202","202","395",10.5,-71,10.5,1968,157,NA,211,NA,NA,0.74,"Keith et al., 2009"
"203","203","395",9.5,-71,15,1487,173,NA,235,NA,NA,0.74,"Keith et al., 2009"
"204","204","395",9,-64,25.5,2850,179,NA,227,NA,NA,0.79,"Keith et al., 2009"
"205","205","395",9.5,-70,26,1500,148,NA,178,NA,NA,0.83,"Keith et al., 2009"
"206","206","395",10,-66,27,800,70,NA,111,NA,NA,0.63,"Keith et al., 2009"
"207","207","401",50.15,11.87,5.8,1100,105,NA,NA,NA,NA,NA,"Keith et al., 2009"
"208","208","407",47,-122.67,10.1,1789,422,NA,496,NA,NA,0.85,"Keith et al., 2009"
"209","209","407",46,-122,12.5,1000,278,NA,473,NA,NA,0.59,"Keith et al., 2009"
"210","210","408",46.8,-121.7,5.4,2700,224,NA,781,NA,NA,0.29,"Keith et al., 2009"
"211","211","408",46.8,-121.7,6.4,2375,380,NA,636,NA,NA,0.6,"Keith et al., 2009"
"212","212","409",47.7,-123.9,8.5,3356,364,NA,624,NA,NA,0.58,"Keith et al., 2009"
"213","213","414",45.5,-89.33,5.3,800,286,NA,476,NA,NA,0.6,"Keith et al., 2009"
"214","214","433",60.85,128.27,-10,213,55,NA,NA,NA,NA,NA,"Keith et al., 2009"
"215","215","433",60.85,128.27,-9.6,213,18,NA,NA,NA,NA,NA,"Keith et al., 2009"
"216","216","51",3.33,12.76,23.5,1623,149.8,NA,NA,NA,NA,NA,"Lewis et al., 2009"
"217","217","51",3.32,12.87,23.3,1630,151.2,NA,NA,NA,NA,NA,"Lewis et al., 2009"
"218","218","51",3.28,12.87,23.3,1632,208.2,NA,NA,NA,NA,NA,"Lewis et al., 2009"
"219","219","51",3.15,12.57,23.6,1628,220.8,NA,NA,NA,NA,NA,"Lewis et al., 2009"
"220","220","51",3.33,12.87,23.3,1630,221.4,NA,NA,NA,NA,NA,"Lewis et al., 2009"
"221","221","51",3.3,12.87,23.3,1631,241,NA,NA,NA,NA,NA,"Lewis et al., 2009"
"222","222","51",2.19,9.92,25,2434,251.3,NA,NA,NA,NA,NA,"Lewis et al., 2009"
"223","223","51",3.32,12.76,23.6,1623,284,NA,NA,NA,NA,NA,"Lewis et al., 2009"
"224","224","51",3.36,12.73,23.7,1619,147.7,NA,NA,NA,NA,NA,"Lewis et al., 2009"
"225","225","51",3.33,12.72,23.6,1622,188.4,NA,NA,NA,NA,NA,"Lewis et al., 2009"
"226","226","51",2.85,13.33,23.7,1617,209.8,NA,NA,NA,NA,NA,"Lewis et al., 2009"
"227","227","51",3.08,13.58,23.3,1631,260.4,NA,NA,NA,NA,NA,"Lewis et al., 2009"
"228","228","51",3.33,12.72,23.5,1623,265.5,NA,NA,NA,NA,NA,"Lewis et al., 2009"
"229","229","51",3.36,12.72,23.6,1621,268.4,NA,NA,NA,NA,NA,"Lewis et al., 2009"
"230","230","51",2.85,13.33,23.7,1617,386,NA,NA,NA,NA,NA,"Lewis et al., 2009"
"231","231","51",2.36,9.93,25.1,2588,266.9,NA,NA,NA,NA,NA,"Lewis et al., 2009"
"232","232","51",2.42,9.9,25,2625,300.5,NA,NA,NA,NA,NA,"Lewis et al., 2009"
"233","233","51",5.33,8.86,23.9,2706,243.7,NA,NA,NA,NA,NA,"Lewis et al., 2009"
"234","234","51",5.33,8.86,23.9,2706,268,NA,NA,NA,NA,NA,"Lewis et al., 2009"
"235","235","66",3.83,18,23.7,1677,246,NA,NA,NA,NA,NA,"Lewis et al., 2009"
"236","236","66",3.83,18,23.7,1677,266.9,NA,NA,NA,NA,NA,"Lewis et al., 2009"
"237","237","96",6.5,-5.33,26.3,1200,211.8,NA,NA,NA,NA,NA,"Lewis et al., 2009"
"238","238","96",5.53,-4.03,26.2,1683,241.9,NA,NA,NA,NA,NA,"Lewis et al., 2009"
"239","239","96",5.53,-4.03,26.2,1683,250.7,NA,NA,NA,NA,NA,"Lewis et al., 2009"
"240","240","96",5.71,-4.99,26.8,1394,232.8,NA,NA,NA,NA,NA,"Lewis et al., 2009"
"241","241","98",1.35,28.82,23.9,1701,259.6,NA,NA,NA,NA,NA,"Lewis et al., 2009"
"242","242","98",1.44,28.58,24.2,1750,185.7,NA,NA,NA,NA,NA,"Lewis et al., 2009"
"243","243","98",1.44,28.58,24.2,1750,204.8,NA,NA,NA,NA,NA,"Lewis et al., 2009"
"244","244","98",1.42,28.5,24,1779,222.5,NA,NA,NA,NA,NA,"Lewis et al., 2009"
"245","245","98",1.45,28.42,24.1,1793,251,NA,NA,NA,NA,NA,"Lewis et al., 2009"
"246","246","98",1.43,28.58,24.4,1743,269.5,NA,NA,NA,NA,NA,"Lewis et al., 2009"
"247","247","98",1.44,28.58,24.2,1750,276.5,NA,NA,NA,NA,NA,"Lewis et al., 2009"
"248","248","98",1.33,28.6,24.3,1724,300.1,NA,NA,NA,NA,NA,"Lewis et al., 2009"
"249","249","98",1.35,28.45,24.5,1750,310.7,NA,NA,NA,NA,NA,"Lewis et al., 2009"
"250","250","98",1.35,28.53,24.3,1745,313.8,NA,NA,NA,NA,NA,"Lewis et al., 2009"
"251","251","136",0.5,12.8,23.6,1657,227.8,NA,NA,NA,NA,NA,"Lewis et al., 2009"
"252","252","136",0.57,12.87,24,1649,278.8,NA,NA,NA,NA,NA,"Lewis et al., 2009"
"253","253","136",0.38,13.11,23.6,1662,323.8,NA,NA,NA,NA,NA,"Lewis et al., 2009"
"254","254","136",0.73,11.37,23.1,1757,266.6,NA,NA,NA,NA,NA,"Lewis et al., 2009"
"255","255","136",-0.17,11.42,25.2,1763,256.9,NA,NA,NA,NA,NA,"Lewis et al., 2009"
"256","256","136",-0.43,11.43,24.9,1825,218.6,NA,NA,NA,NA,NA,"Lewis et al., 2009"
"257","257","136",-0.42,11.4,25.3,1818,231.7,NA,NA,NA,NA,NA,"Lewis et al., 2009"
"258","258","138",6.32,-0.92,25.6,1642,185.9,NA,NA,NA,NA,NA,"Lewis et al., 2009"
"259","259","138",6.32,-0.92,25.6,1642,193,NA,NA,NA,NA,NA,"Lewis et al., 2009"
"260","260","138",7.14,-2.45,25.9,1212,129.2,NA,NA,NA,NA,NA,"Lewis et al., 2009"
"261","261","138",6.48,-2.17,25.6,1434,158,NA,NA,NA,NA,NA,"Lewis et al., 2009"
"262","262","138",6.56,-2.22,25.7,1416,179.3,NA,NA,NA,NA,NA,"Lewis et al., 2009"
"263","263","138",5.97,-3.03,26.6,1658,65.5,NA,NA,NA,NA,NA,"Lewis et al., 2009"
"264","264","138",5.97,-3.03,26.6,1658,76.6,NA,NA,NA,NA,NA,"Lewis et al., 2009"
"265","265","138",4.8,-2.05,25.6,1678,130.9,NA,NA,NA,NA,NA,"Lewis et al., 2009"
"266","266","138",5.99,-3.03,26.5,1648,195.6,NA,NA,NA,NA,NA,"Lewis et al., 2009"
"267","267","138",5.99,-3.03,26.5,1648,203.6,NA,NA,NA,NA,NA,"Lewis et al., 2009"
"268","268","138",4.85,-2.1,26,1734,247.5,NA,NA,NA,NA,NA,"Lewis et al., 2009"
"269","269","228",5.41,-7.61,25.9,2329,177.3,NA,NA,NA,NA,NA,"Lewis et al., 2009"
"270","270","228",5.41,-7.6,25.9,2299,177.3,NA,NA,NA,NA,NA,"Lewis et al., 2009"
"271","271","228",5.41,-7.6,25.9,2319,178.8,NA,NA,NA,NA,NA,"Lewis et al., 2009"
"272","272","228",5.41,-7.59,25.9,2299,181.2,NA,NA,NA,NA,NA,"Lewis et al., 2009"
"273","273","228",5.39,-7.59,25.8,2315,199.4,NA,NA,NA,NA,NA,"Lewis et al., 2009"
"274","274","228",5.4,-7.62,25.9,2350,204.9,NA,NA,NA,NA,NA,"Lewis et al., 2009"
"275","275","228",5.4,-7.61,25.9,2319,212.9,NA,NA,NA,NA,NA,"Lewis et al., 2009"
"276","276","228",5.39,-7.62,25.8,2353,213.1,NA,NA,NA,NA,NA,"Lewis et al., 2009"
"277","277","228",5.41,-7.62,25.9,2338,227.4,NA,NA,NA,NA,NA,"Lewis et al., 2009"
"278","278","228",5.39,-7.62,25.8,2353,232.4,NA,NA,NA,NA,NA,"Lewis et al., 2009"
"279","279","228",5.4,-7.59,25.8,2324,233.5,NA,NA,NA,NA,NA,"Lewis et al., 2009"
"280","280","228",5.41,-7.63,25.9,2338,235.2,NA,NA,NA,NA,NA,"Lewis et al., 2009"
"281","281","228",5.39,-7.62,25.9,2350,238.1,NA,NA,NA,NA,NA,"Lewis et al., 2009"
"282","282","228",5.4,-7.61,25.9,2329,249.1,NA,NA,NA,NA,NA,"Lewis et al., 2009"
"283","283","228",6.19,-8.18,26.4,1958,174,NA,NA,NA,NA,NA,"Lewis et al., 2009"
"284","284","228",6.19,-8.18,26.4,1958,185.7,NA,NA,NA,NA,NA,"Lewis et al., 2009"
"285","285","228",6.19,-8.18,26.4,1958,207.2,NA,NA,NA,NA,NA,"Lewis et al., 2009"
"286","286","228",6.19,-8.18,26.4,1958,219.9,NA,NA,NA,NA,NA,"Lewis et al., 2009"
"287","287","299",5.3,8.48,26.1,2612,183.8,NA,NA,NA,NA,NA,"Lewis et al., 2009"
"288","288","299",5.3,8.49,26.1,2612,332.9,NA,NA,NA,NA,NA,"Lewis et al., 2009"
"289","289","299",5.3,8.47,26,2601,347.3,NA,NA,NA,NA,NA,"Lewis et al., 2009"
"290","290","374",-8.59,35.87,23.7,1461,83,NA,NA,NA,NA,NA,"Lewis et al., 2009"
"291","291","374",-8.59,35.87,23.7,1461,94.8,NA,NA,NA,NA,NA,"Lewis et al., 2009"
"292","292","393",0.22,32.3,21.3,1286,285.1,NA,NA,NA,NA,NA,"Lewis et al., 2009"
"293","293","393",0.5,30.42,20,1315,390.4,NA,NA,NA,NA,NA,"Lewis et al., 2009"
"294","294","393",1.72,31.5,23,1326,384.6,NA,NA,NA,NA,NA,"Lewis et al., 2009"
"295","295","150",26,119.3,14.3,1803,88.5,106.31,NA,102,0.83,NA,"Luo, 1996"
"296","296","406",27.1,118.1,17.1,1620,168.3,195.96,NA,120,0.86,NA,"Luo, 1996"
"297","297","267",26.7,118,15.1,1973,239.4,282.63,NA,200,0.85,NA,"Luo, 1996"
"298","298","233",27,118.9,13.1,2205,101,124.25,NA,160,0.81,NA,"Luo, 1996"
"299","299","425",26.1,117.4,17.7,1713,234.7,275.09,NA,99,0.85,NA,"Luo, 1996"
"300","300","99",27.1,117.3,12.7,2204,104.5,125.81,NA,114,0.83,NA,"Luo, 1996"
"301","301","360",27.3,117.4,16.8,1617,216.7,252.1,NA,115,0.86,NA,"Luo, 1996"
"302","302","411",27,117.6,17.1,1636,212.7,247.83,NA,80,0.86,NA,"Luo, 1996"
"303","303","257",34.6,103.5,1,741,87.2,116.51,NA,96,0.75,NA,"Luo, 1996"
"304","304","113",23.13,112.58,21.2,1713,146,212.74,NA,200,0.69,NA,"Luo, 1996"
"305","305","158",23.45,111.88,20.5,1735,140.6,176.76,NA,100,0.8,NA,"Luo, 1996"
"306","306","22",21.7,109.6,23.8,1581,200.2,265.87,NA,97,0.75,NA,"Luo, 1996"
"307","307","270",25.9,110.1,18.5,1508,106.8,121.54,NA,101,0.88,NA,"Luo, 1996"
"308","308","161",25.7,110,18.4,1553,165.5,194.04,NA,81,0.85,NA,"Luo, 1996"
"309","309","272",26.4,106.7,14.9,1214,92,136.18,NA,87,0.68,NA,"Luo, 1996"
"310","310","210",28.2,107,10.9,1155,145.4,184.94,NA,80,0.79,NA,"Luo, 1996"
"311","311","224",26.3,108,9.9,1416,79.7,100.47,NA,80,0.79,NA,"Luo, 1996"
"312","312","202",25.25,107.98,17.2,1210,44.6,78.05,NA,100,0.57,NA,"Luo, 1996"
"313","313","387",27.1,109.02,14.8,1337,118.8,156.67,NA,110,0.76,NA,"Luo, 1996"
"314","314","26",28.1,106.8,8.8,1170,136.4,181.96,NA,121,0.75,NA,"Luo, 1996"
"315","315","428",28.5,106.32,12.5,1136,65.4,78.64,NA,80,0.83,NA,"Luo, 1996"
"316","316","186",18.62,104.68,22.6,2206,220.5,254.83,NA,93,0.87,NA,"Luo, 1996"
"317","317","231",19.23,109.82,21.9,2366,246.3,286.43,NA,110,0.86,NA,"Luo, 1996"
"318","318","74",44.7,129.7,2.9,696,78,121.11,NA,181,0.64,NA,"Luo, 1996"
"319","319","102",44.3,129.4,1.4,732,93.7,120.37,NA,114,0.78,NA,"Luo, 1996"
"320","320","102",44.3,128.4,3.4,682,55.3,72.74,NA,89,0.76,NA,"Luo, 1996"
"321","321","371",52.3,124.7,-4.1,515,53,63.72,NA,134,0.83,NA,"Luo, 1996"
"322","322","371",52.3,124.7,-4.4,524,34,43.42,NA,111,0.78,NA,"Luo, 1996"
"323","323","223",47,129,1.7,545,37.1,52.39,NA,101,0.71,NA,"Luo, 1996"
"324","324","223",47,129,1.7,545,37.1,52.39,NA,101,0.71,NA,"Luo, 1996"
"325","325","226",46.5,131.8,1.5,654,65.9,96.81,NA,124,0.68,NA,"Luo, 1996"
"326","326","154",51.7,126.6,-4.6,519,38.8,49.61,NA,84,0.78,NA,"Luo, 1996"
"327","327","171",51.7,126.6,-3.3,471,32,41.78,NA,120,0.77,NA,"Luo, 1996"
"328","328","117",46.3,133.5,1.9,721,71.9,104.85,NA,191,0.69,NA,"Luo, 1996"
"329","329","402",45.8,132.9,2.7,732,43.5,53.08,NA,84,0.82,NA,"Luo, 1996"
"330","330","402",45.8,132.9,2.5,730,72,103.55,NA,204,0.7,NA,"Luo, 1996"
"331","331","227",46.5,131.8,0.5,643,57.6,69.64,NA,108,0.83,NA,"Luo, 1996"
"332","332","132",52.7,122,-4.2,528,49.1,61.3,NA,93,0.8,NA,"Luo, 1996"
"333","333","263",53,122.4,-4.8,561,56.6,70.37,NA,150,0.81,NA,"Luo, 1996"
"334","334","416",50.2,126.4,-4.7,497,60.4,72.92,NA,180,0.83,NA,"Luo, 1996"
"335","335","123",50.8,121.5,-3.9,463,47.9,57.63,NA,130,0.83,NA,"Luo, 1996"
"336","336","122",52.6,120.6,-5.1,556,48.7,61.04,NA,90,0.8,NA,"Luo, 1996"
"337","337","332",52.2,120.8,-3.9,498,64.6,76.53,NA,171,0.84,NA,"Luo, 1996"
"338","338","102",44.3,129.4,0.4,744,82.2,97.02,NA,131,0.85,NA,"Luo, 1996"
"339","339","273",52.6,124.2,-6.6,623,54.9,64.1,NA,80,0.86,NA,"Luo, 1996"
"340","340","410",52.3,124.7,-4.2,519,86,102.33,NA,100,0.84,NA,"Luo, 1996"
"341","341","100",47.7,128.9,-0.9,470,88.2,101.68,NA,104,0.87,NA,"Luo, 1996"
"342","342","421",31,110.3,1.6,1937,55.3,63.38,NA,87,0.87,NA,"Luo, 1996"
"343","343","107",32,110.7,1,1784,54.8,62.71,NA,159,0.87,NA,"Luo, 1996"
"344","344","357",31.7,110.6,1.5,1811,53.5,61.5,NA,151,0.87,NA,"Luo, 1996"
"345","345","108",31.2,110.7,1.9,1919,33.7,38.61,NA,125,0.87,NA,"Luo, 1996"
"346","346","79",42.4,128.1,0.6,907,106.8,128.48,NA,142,0.83,NA,"Luo, 1996"
"347","347","101",43.3,129.7,1.6,825,74.2,86.72,NA,132,0.86,NA,"Luo, 1996"
"348","348","24",43.51,117.22,0.7,381,34.9,48.63,NA,170,0.72,NA,"Luo, 1996"
"349","349","83",33.5,107.9,4.1,881,77.7,89.95,NA,80,0.86,NA,"Luo, 1996"
"350","350","331",33.9,107.7,3.3,854,63.1,73.23,NA,125,0.86,NA,"Luo, 1996"
"351","351","424",33.2,107.5,4,902,56.3,65.81,NA,98,0.86,NA,"Luo, 1996"
"352","352","25",31.2,98.8,4.9,549,77.4,97.58,NA,184,0.79,NA,"Luo, 1996"
"353","353","92",31.7,101.6,3.1,670,129,155.76,NA,178,0.83,NA,"Luo, 1996"
"354","354","106",31,101.1,4,662,131.5,161.94,NA,165,0.81,NA,"Luo, 1996"
"355","355","225",28.8,103,7.6,929,281.3,322.95,NA,184,0.87,NA,"Luo, 1996"
"356","356","159",32,102.9,3.8,784,143.6,175.31,NA,166,0.82,NA,"Luo, 1996"
"357","357","192",29,101.5,5.5,776,126.2,152.18,NA,169,0.83,NA,"Luo, 1996"
"358","358","239",31.4,103.1,7,833,130.9,160.66,NA,163,0.81,NA,"Luo, 1996"
"359","359","284",31.6,102.8,6.1,795,136,167.31,NA,169,0.81,NA,"Luo, 1996"
"360","360","253",32,102.6,3.9,754,167.1,199.5,NA,206,0.84,NA,"Luo, 1996"
"361","361","253",31.9,102.2,3.4,717,117.1,140.75,NA,243,0.83,NA,"Luo, 1996"
"362","362","253",31.8,102.2,4,723,179.8,226.05,NA,119,0.8,NA,"Luo, 1996"
"363","363","268",31.6,103.8,5.2,899,113.6,143.43,NA,91,0.79,NA,"Luo, 1996"
"364","364","290",27.9,101.2,5.9,799,106,131.94,NA,144,0.8,NA,"Luo, 1996"
"365","365","21",33.25,103.77,4,832,96.7,121.59,NA,122,0.8,NA,"Luo, 1996"
"366","366","105",33.63,103.76,3.7,817,105.2,126.33,NA,120,0.83,NA,"Luo, 1996"
"367","367","105",33.52,104.9,3.6,961,105.1,129.89,NA,208,0.81,NA,"Luo, 1996"
"368","368","105",33.57,103.67,3.8,809,94.3,116.69,NA,151,0.81,NA,"Luo, 1996"
"369","369","105",33.65,103.75,4,814,133.7,165.82,NA,118,0.81,NA,"Luo, 1996"
"370","370","105",33.52,103.76,3.8,821,70.2,87.49,NA,143,0.8,NA,"Luo, 1996"
"371","371","105",33.62,103.73,3.5,814,73.4,91.76,NA,115,0.8,NA,"Luo, 1996"
"372","372","105",33.67,103.77,3.7,816,78.8,98.49,NA,94,0.8,NA,"Luo, 1996"
"373","373","105",33.58,103.73,3.8,815,63.9,80.24,NA,121,0.8,NA,"Luo, 1996"
"374","374","105",33.3,103.75,4,828,90.4,113.7,NA,103,0.79,NA,"Luo, 1996"
"375","375","105",33.6,103.33,2.7,769,94.9,119.43,NA,137,0.79,NA,"Luo, 1996"
"376","376","105",33.6,103.74,3.7,816,58,73.1,NA,130,0.79,NA,"Luo, 1996"
"377","377","105",32.6,103.76,4.4,855,92,116.02,NA,210,0.79,NA,"Luo, 1996"
"378","378","157",33.55,104.55,3.6,917,127.2,159.11,NA,143,0.8,NA,"Luo, 1996"
"379","379","157",33.57,104.66,3.6,929,96.6,121.68,NA,156,0.79,NA,"Luo, 1996"
"380","380","157",33.67,104.04,3.6,848,117.9,149.73,NA,162,0.79,NA,"Luo, 1996"
"381","381","193",33.01,104.03,4.1,872,80,98.59,NA,171,0.81,NA,"Luo, 1996"
"382","382","232",33.42,103.88,3.9,839,89.1,112.02,NA,134,0.8,NA,"Luo, 1996"
"383","383","232",33.47,103.53,3,797,89.5,113.05,NA,134,0.79,NA,"Luo, 1996"
"384","384","232",33.38,104.1,3.8,865,62.2,80.27,NA,114,0.77,NA,"Luo, 1996"
"385","385","241",33.23,103.7,3.9,825,85.2,105.19,NA,169,0.81,NA,"Luo, 1996"
"386","386","255",33.07,104.12,4,880,109,133.95,NA,170,0.81,NA,"Luo, 1996"
"387","387","157",33.65,104.05,3.7,850,122.8,152.48,NA,171,0.81,NA,"Luo, 1996"
"388","388","157",33.68,104.03,3.6,846,105.8,133.15,NA,169,0.79,NA,"Luo, 1996"
"389","389","157",33.6,104.41,3.6,896,80,101.07,NA,121,0.79,NA,"Luo, 1996"
"390","390","157",33.63,104.05,3.7,850,88.9,112.79,NA,121,0.79,NA,"Luo, 1996"
"391","391","232",33.17,103.92,4.1,853,86.3,108.01,NA,152,0.8,NA,"Luo, 1996"
"392","392","437",33.33,104.15,3.9,873,59,73.63,NA,128,0.8,NA,"Luo, 1996"
"393","393","31",33.53,103.34,2.6,772,84.1,105.76,NA,148,0.8,NA,"Luo, 1996"
"394","394","31",33.55,103.3,2.6,767,96.5,121.55,NA,148,0.79,NA,"Luo, 1996"
"395","395","31",33.38,103.32,2.7,776,74.4,94.55,NA,138,0.79,NA,"Luo, 1996"
"396","396","29",33.47,103.46,2.9,788,107.3,133.34,NA,146,0.8,NA,"Luo, 1996"
"397","397","29",33.35,103.41,2.7,788,144.6,180.04,NA,150,0.8,NA,"Luo, 1996"
"398","398","29",33.32,103.61,3.5,811,88.6,110.39,NA,129,0.8,NA,"Luo, 1996"
"399","399","29",33.37,103.36,2.7,781,100.7,125.55,NA,158,0.8,NA,"Luo, 1996"
"400","400","29",33.43,103.49,2.9,794,93.3,116.83,NA,135,0.8,NA,"Luo, 1996"
"401","401","29",33.4,103.37,2.7,782,94,118.39,NA,154,0.79,NA,"Luo, 1996"
"402","402","29",33.38,103.5,2.9,797,85.3,107.51,NA,142,0.79,NA,"Luo, 1996"
"403","403","29",33.33,103.47,3.3,795,102.9,129.84,NA,131,0.79,NA,"Luo, 1996"
"404","404","29",33.62,103.39,2.6,776,103.8,131.28,NA,150,0.79,NA,"Luo, 1996"
"405","405","29",33.48,103.54,2.9,797,82.6,105.9,NA,137,0.78,NA,"Luo, 1996"
"406","406","29",33.53,103.66,3.5,809,106.3,132.44,NA,148,0.8,NA,"Luo, 1996"
"407","407","62",33.85,103.3,2.4,757,65.9,83.66,NA,144,0.79,NA,"Luo, 1996"
"408","408","343",33.76,103.34,2.5,764,74.1,94.43,NA,137,0.78,NA,"Luo, 1996"
"409","409","242",34.2,102.93,2.3,704,86.3,110.24,NA,114,0.78,NA,"Luo, 1996"
"410","410","242",34.2,102.93,2.3,704,86.3,110.24,NA,114,0.78,NA,"Luo, 1996"
"411","411","353",33.27,103.82,3.8,837,72.1,91.01,NA,131,0.79,NA,"Luo, 1996"
"412","412","353",33.28,103.66,3.8,818,72.8,94.97,NA,92,0.77,NA,"Luo, 1996"
"413","413","353",33.52,103.3,2.6,769,80.7,102.65,NA,142,0.79,NA,"Luo, 1996"
"414","414","353",33.55,103.62,3.7,804,105.2,129.74,NA,140,0.81,NA,"Luo, 1996"
"415","415","29",33.57,103.32,2.6,769,106.9,133.8,NA,167,0.8,NA,"Luo, 1996"
"416","416","242",34.17,102.82,2.3,694,67.8,87.78,NA,109,0.77,NA,"Luo, 1996"
"417","417","333",33.58,103.28,2.6,764,92.3,116.35,NA,133,0.79,NA,"Luo, 1996"
"418","418","353",33.5,103.57,3,800,86.9,110.67,NA,119,0.79,NA,"Luo, 1996"
"419","419","353",33.52,103.54,2.6,797,118.6,148.44,NA,146,0.8,NA,"Luo, 1996"
"420","420","353",33.52,105.4,2.2,1045,157.9,206.76,NA,109,0.76,NA,"Luo, 1996"
"421","421","443",34.25,102.92,2.2,701,52.2,67.52,NA,90,0.77,NA,"Luo, 1996"
"422","422","29",33.45,103.5,2.9,794,74.1,93.9,NA,137,0.79,NA,"Luo, 1996"
"423","423","363",32.6,103.6,4,837,124.3,151.64,NA,198,0.82,NA,"Luo, 1996"
"424","424","415",30.9,103.1,7.4,853,113.5,141.86,NA,133,0.8,NA,"Luo, 1996"
"425","425","419",30.9,102.33,5.8,776,112.9,136.4,NA,214,0.83,NA,"Luo, 1996"
"426","426","426",30.9,100.3,3.7,613,191.2,227.84,NA,317,0.84,NA,"Luo, 1996"
"427","427","432",30,101,4.4,694,86.7,108.56,NA,164,0.8,NA,"Luo, 1996"
"428","428","448",28.6,97.4,6.1,800,223,245.52,NA,175,0.91,NA,"Luo, 1996"
"429","429","82",31.1,97.1,1.9,584,53.5,67.35,NA,100,0.79,NA,"Luo, 1996"
"430","430","33",30.9,94.7,1,527,62.3,73.87,NA,113,0.84,NA,"Luo, 1996"
"431","431","39",29.8,95.7,6.6,850,206,231.43,NA,152,0.89,NA,"Luo, 1996"
"432","432","187",31.5,98.2,1.5,593,90.7,106.25,NA,120,0.85,NA,"Luo, 1996"
"433","433","187",31.4,94.3,2.7,486,66.4,80.34,NA,100,0.83,NA,"Luo, 1996"
"434","434","222",31.2,96.5,2.4,561,55,66.15,NA,100,0.83,NA,"Luo, 1996"
"435","435","250",30.7,95.8,1.9,570,61,73.68,NA,110,0.83,NA,"Luo, 1996"
"436","436","261",29.6,98.5,1.6,712,86.8,103.9,NA,150,0.84,NA,"Luo, 1996"
"437","437","449",29.6,97.8,2.6,692,91.9,108.95,NA,116,0.84,NA,"Luo, 1996"
"438","438","140",29.9,93.3,4.5,545,100.6,118.65,NA,129,0.85,NA,"Luo, 1996"
"439","439","234",29.5,94.3,4.9,597,102.9,119.03,NA,143,0.86,NA,"Luo, 1996"
"440","440","281",29.2,94.1,7,609,120.2,138.54,NA,140,0.87,NA,"Luo, 1996"
"441","441","237",29.7,94.1,5.8,579,145.2,166.81,NA,149,0.87,NA,"Luo, 1996"
"442","442","248",29.8,94.7,5.1,591,118.3,139.15,NA,86,0.85,NA,"Luo, 1996"
"443","443","298",28.1,85.9,12,436,143.6,160.67,NA,140,0.89,NA,"Luo, 1996"
"444","444","189",28.9,85.2,10.4,370,109.6,124.39,NA,131,0.88,NA,"Luo, 1996"
"445","445","189",28.9,85.2,7.2,370,67.5,80.57,NA,105,0.84,NA,"Luo, 1996"
"446","446","189",27.9,85.9,8.3,448,111.1,126.68,NA,192,0.88,NA,"Luo, 1996"
"447","447","442",27.9,85.9,11.6,448,138.3,156.62,NA,170,0.88,NA,"Luo, 1996"
"448","448","218",29,93.1,4.3,591,94.7,110.5,NA,160,0.86,NA,"Luo, 1996"
"449","449","417",28.4,97,5.7,739,155,179.93,NA,144,0.86,NA,"Luo, 1996"
"450","450","430",29.9,93.8,4.7,559,112.3,130.06,NA,125,0.86,NA,"Luo, 1996"
"451","451","385",44.2,88,-1.1,827,81.9,99.22,NA,128,0.83,NA,"Luo, 1996"
"452","452","142",43.4,82.2,2.3,691,182.7,231.67,NA,96,0.79,NA,"Luo, 1996"
"453","453","420",43.2,84.6,2.1,626,214.7,279.51,NA,115,0.77,NA,"Luo, 1996"
"454","454","190",44,89.1,-1.1,799,111.9,138.41,NA,122,0.81,NA,"Luo, 1996"
"455","455","258",44.3,86.2,-0.2,814,137.3,167.59,NA,122,0.82,NA,"Luo, 1996"
"456","456","289",43.8,90.3,-1.1,759,68.3,81.7,NA,86,0.84,NA,"Luo, 1996"
"457","457","356",44.3,85.6,-0.7,854,82.1,100.8,NA,95,0.81,NA,"Luo, 1996"
"458","458","211",43.2,81.8,-1.1,839,184.6,238.46,NA,261,0.77,NA,"Luo, 1996"
"459","459","283",43.9,87.7,-1.3,836,116.8,143.9,NA,178,0.81,NA,"Luo, 1996"
"460","460","294",43.03,87.13,0.2,636,88.7,109.05,NA,108,0.81,NA,"Luo, 1996"
"461","461","386",43.3,88.3,-0.1,677,91.9,109.9,NA,97,0.84,NA,"Luo, 1996"
"462","462","444",43.1,81.1,0.3,761,142.4,176.96,NA,116,0.8,NA,"Luo, 1996"
"463","463","412",27.45,98.96,7.5,1235,119.5,143.52,NA,90,0.83,NA,"Luo, 1996"
"464","464","412",27.53,98.96,10,1254,65.1,79.79,NA,90,0.82,NA,"Luo, 1996"
"465","465","412",27.53,99.2,6.6,1173,139.6,169.9,NA,100,0.82,NA,"Luo, 1996"
"466","466","110",28.18,98.96,5.7,1319,234.3,265.03,NA,150,0.88,NA,"Luo, 1996"
"467","467","110",27.82,99.26,8,1200,218.8,248.88,NA,150,0.88,NA,"Luo, 1996"
"468","468","110",28.62,98.65,3.8,1483,132.7,151.96,NA,150,0.87,NA,"Luo, 1996"
"469","469","110",28.53,98.84,6.9,1464,106.4,123.3,NA,120,0.86,NA,"Luo, 1996"
"470","470","110",28,99.15,5.5,1232,166.6,193.47,NA,175,0.86,NA,"Luo, 1996"
"471","471","110",28.9,99.02,3.3,1412,79.8,96.77,NA,100,0.82,NA,"Luo, 1996"
"472","472","110",27.82,99.14,5.6,1209,191.4,233.81,NA,200,0.82,NA,"Luo, 1996"
"473","473","230",27.02,99.62,8.4,1056,125,141.91,NA,100,0.88,NA,"Luo, 1996"
"474","474","230",27.17,99.57,8.7,1068,192.9,225.63,NA,100,0.85,NA,"Luo, 1996"
"475","475","230",27.1,99.44,8.3,1096,163.8,191.93,NA,120,0.85,NA,"Luo, 1996"
"476","476","230",26.95,99.5,6.2,1095,115.6,136.96,NA,100,0.84,NA,"Luo, 1996"
"477","477","230",26.8,100.2,5.5,981,89.9,108,NA,122,0.83,NA,"Luo, 1996"
"478","478","300",27.53,100.6,6.7,890,160.9,182.91,NA,200,0.88,NA,"Luo, 1996"
"479","479","300",27.32,100.66,5.4,880,86.4,103.9,NA,120,0.83,NA,"Luo, 1996"
"480","480","412",27.36,99.34,8.1,1130,121.1,139.95,NA,160,0.87,NA,"Luo, 1996"
"481","481","412",27.1,99.2,6.9,1158,112.7,135.43,NA,161,0.83,NA,"Luo, 1996"
"482","482","439",26.14,99.38,9.6,1151,103.4,120.39,NA,105,0.86,NA,"Luo, 1996"
"483","483","445",27.7,99.7,8.1,1077,123,143.57,NA,155,0.86,NA,"Luo, 1996"
"484","484","141",44.1,130.2,1.4,768,96.4,122.58,NA,158,0.79,NA,"Luo, 1996"
"485","485","295",51.4,125.2,-3.9,484,71.5,95.48,NA,104,0.75,NA,"Luo, 1996"
"486","486","422",49.5,128.4,-0.7,372,49.8,67.09,NA,85,0.74,NA,"Luo, 1996"
"487","487","79",42.2,127.3,1.9,875,110.2,119.96,NA,195,0.92,NA,"Luo, 1996"
"488","488","79",42.75,128.27,2.1,832,113,123.05,NA,160,0.92,NA,"Luo, 1996"
"489","489","79",42.4,128.1,2.5,854,109.7,120.24,NA,177,0.91,NA,"Luo, 1996"
"490","490","109",52.5,124.5,-5,554,25,27.29,NA,100,0.91,NA,"Luo, 1996"
"491","491","109",52.2,120.8,-4.8,532,56.9,69.1,NA,171,0.82,NA,"Luo, 1996"
"492","492","123",50.8,121.5,-3.6,452,61.9,83.35,NA,136,0.74,NA,"Luo, 1996"
"493","493","184",50.4,124,-3.1,434,47,63.27,NA,136,0.74,NA,"Luo, 1996"
"494","494","336",30.9,102.4,4,775,55.8,72.88,NA,193,0.77,NA,"Luo, 1996"
"495","495","419",30.9,102.3,4.2,766,67.3,79.69,NA,164,0.84,NA,"Luo, 1996"
"496","496","27",43.8,93,-0.7,684,54.2,75.34,NA,132,0.72,NA,"Luo, 1996"
"497","497","34",48,86.9,-3.5,863,101.4,134.67,NA,172,0.75,NA,"Luo, 1996"
"498","498","34",47.7,86.9,-2.1,672,141,184.63,NA,177,0.76,NA,"Luo, 1996"
"499","499","131",47.8,88.7,-3.9,774,71.9,97.06,NA,107,0.74,NA,"Luo, 1996"
"500","500","134",47,89.4,-2.6,582,147.2,193.19,NA,157,0.76,NA,"Luo, 1996"
"501","501","134",47.1,89.3,-3.4,625,101.6,134.55,NA,156,0.76,NA,"Luo, 1996"
"502","502","153",42.8,93.1,-0.8,516,116.8,153.18,NA,139,0.76,NA,"Luo, 1996"
"503","503","110",28.62,99.22,3.2,1274,57.1,76.02,NA,100,0.75,NA,"Luo, 1996"
"504","504","191",29,101.5,4.8,772,100,131.65,NA,134,0.76,NA,"Luo, 1996"
"505","505","290",27.9,101.2,5.6,797,121.6,160.66,NA,232,0.76,NA,"Luo, 1996"
"506","506","448",28.6,97.4,8.7,800,92.8,127.72,NA,105,0.73,NA,"Luo, 1996"
"507","507","39",29.7,96.1,6.4,850,92.2,124.03,NA,87,0.74,NA,"Luo, 1996"
"508","508","39",29.8,95.7,7.7,850,84.4,114.34,NA,90,0.74,NA,"Luo, 1996"
"509","509","442",27.9,85.9,13.4,1000,57.5,79.83,NA,95,0.72,NA,"Luo, 1996"
"510","510","229",27.9,91.9,9.1,621,105.4,145.76,NA,127,0.72,NA,"Luo, 1996"
"511","511","445",27.7,99.7,7.2,1070,90.5,119.24,NA,83,0.76,NA,"Luo, 1996"
"512","512","326",26.2,110.2,15.2,1807,175.9,207.41,NA,111,0.85,NA,"Luo, 1996"
"513","513","147",26.83,109.75,18.1,1383,138.7,174.18,NA,80,0.8,NA,"Luo, 1996"
"514","514","188",24.7,111.55,16.2,2050,163.9,191.2,NA,90,0.86,NA,"Luo, 1996"
"515","515","256",24.9,111.7,18.7,1697,285.1,328.65,NA,124,0.87,NA,"Luo, 1996"
"516","516","221",28.3,103.4,12.8,994,78.7,111.11,NA,105,0.71,NA,"Luo, 1996"
"517","517","85",28.6,97.4,14.4,800,121.5,132.39,NA,100,0.92,NA,"Luo, 1996"
"518","518","412",27.97,98.96,7.3,1302,80.2,107.31,NA,100,0.75,NA,"Luo, 1996"
"519","519","412",27.53,99.32,9.9,1157,112.1,153.93,NA,100,0.73,NA,"Luo, 1996"
"520","520","431",24.53,101,12.2,1172,170.9,245.59,NA,100,0.7,NA,"Luo, 1996"
"521","521","103",25.43,99.68,11.6,1151,159,214.55,NA,90,0.74,NA,"Luo, 1996"
"522","522","110",28.18,98.9,7.4,1365,92.1,123.99,NA,150,0.74,NA,"Luo, 1996"
"523","523","125",26.08,99.56,9.2,1125,66.5,89.42,NA,85,0.74,NA,"Luo, 1996"
"524","524","164",26.37,100.1,7.6,1020,99,133.1,NA,85,0.74,NA,"Luo, 1996"
"525","525","168",26.45,101.19,13.5,793,91.7,118.55,NA,85,0.77,NA,"Luo, 1996"
"526","526","185",26.23,99.56,10.1,1086,98.3,128.67,NA,85,0.76,NA,"Luo, 1996"
"527","527","230",27.02,100.35,9.8,918,84.1,110.58,NA,120,0.76,NA,"Luo, 1996"
"528","528","230",27.17,99.44,9.9,1094,187.9,250.28,NA,100,0.75,NA,"Luo, 1996"
"529","529","230",27.38,99.44,9.6,1110,47.9,64.59,NA,85,0.74,NA,"Luo, 1996"
"530","530","230",27.17,100.23,8.1,943,92.2,125.28,NA,120,0.74,NA,"Luo, 1996"
"531","531","300",27.17,100.72,9.4,871,67,85.63,NA,100,0.78,NA,"Luo, 1996"
"532","532","300",26.73,100.89,7.9,876,78.8,104.87,NA,90,0.75,NA,"Luo, 1996"
"533","533","160",29.3,110.1,12.8,1461,83,97.58,NA,130,0.85,NA,"Luo, 1996"
"534","534","359",33,108.2,8.8,811,68.2,83.4,NA,95,0.82,NA,"Luo, 1996"
"535","535","354",28.7,96.7,13.5,800,141.8,186.06,NA,93,0.76,NA,"Luo, 1996"
"536","536","445",27.7,99.7,10.7,1096,110.8,148.98,NA,101,0.74,NA,"Luo, 1996"
"537","537","15",31.2,98.8,5.9,555,55.4,64.63,NA,214,0.86,NA,"Luo, 1996"
"538","538","435",28.5,102.1,7.9,859,120.3,132.13,NA,220,0.91,NA,"Luo, 1996"
"539","539","105",33.59,103.57,3.4,796,48.2,54.94,NA,86,0.88,NA,"Luo, 1996"
"540","540","29",33.45,103.39,2.7,782,102,115.84,NA,130,0.88,NA,"Luo, 1996"
"541","541","336",30.9,102.4,5.5,782,83.4,92.37,NA,199,0.9,NA,"Luo, 1996"
"542","542","39",30.1,95,11.2,582,114.9,138.14,NA,108,0.83,NA,"Luo, 1996"
"543","543","189",28.9,85.2,7,370,48.5,58.69,NA,163,0.83,NA,"Luo, 1996"
"544","544","423",30.3,108.9,12.6,1242,136.5,164.88,NA,80,0.83,NA,"Luo, 1996"
"545","545","281",29.2,94.1,7.3,609,54.9,62.56,NA,80,0.88,NA,"Luo, 1996"
"546","546","218",29,93.1,5.7,591,58.6,66.95,NA,108,0.88,NA,"Luo, 1996"
"547","547","243",28.4,92.3,9.7,603,42.6,48.48,NA,90,0.88,NA,"Luo, 1996"
"548","548","341",28.7,96.7,8.7,713,56.2,65.37,NA,80,0.86,NA,"Luo, 1996"
"549","549","112",27.9,101.2,9.5,823,56.8,62.4,NA,93,0.91,NA,"Luo, 1996"
"550","550","230",27.32,99.57,9,1075,119.2,125.95,NA,110,0.95,NA,"Luo, 1996"
"551","551","300",27.1,100.59,11.1,880,195.8,209.13,NA,140,0.94,NA,"Luo, 1996"
"552","552","300",27.75,100.54,7.5,915,62.4,69.15,NA,150,0.9,NA,"Luo, 1996"
"553","553","300",27.67,100.66,7.6,892,46.8,52.03,NA,100,0.9,NA,"Luo, 1996"
"554","554","300",27.82,100.6,9,926,49.8,56.14,NA,150,0.89,NA,"Luo, 1996"
"555","555","438",26.45,100.89,10,872,147.3,156.54,NA,100,0.94,NA,"Luo, 1996"
"556","556","438",26.45,100.76,10.5,877,50.8,56.33,NA,80,0.9,NA,"Luo, 1996"
"557","557","439",26.3,99.32,10.3,1128,86.5,91.83,NA,120,0.94,NA,"Luo, 1996"
"558","558","439",26.15,99.08,11.4,1174,97.6,104.93,NA,110,0.93,NA,"Luo, 1996"
"559","559","447",44.5,130.2,2.1,730,77.9,120.38,NA,238,0.65,NA,"Luo, 1996"
"560","560","102",44.3,128.5,3.4,685,62.1,97.66,NA,173,0.64,NA,"Luo, 1996"
"561","561","102",44.3,129.4,2.7,718,84.3,124.06,NA,227,0.68,NA,"Luo, 1996"
"562","562","128",48.1,129.3,0.6,490,75.5,118.52,NA,185,0.64,NA,"Luo, 1996"
"563","563","20",42.42,128.2,3.6,825,115.5,136.65,NA,150,0.84,NA,"Luo, 1996"
"564","564","23",42.5,128.33,3,838,110,132.58,NA,166,0.83,NA,"Luo, 1996"
"565","565","335",43.3,128.2,2.7,766,97.6,130.22,NA,145,0.75,NA,"Luo, 1996"
"566","566","252",42.3,127.2,4,798,60.6,91.18,NA,146,0.66,NA,"Luo, 1996"
"567","567","80",42.4,128.1,3.5,827,93.2,117.18,NA,110,0.79,NA,"Luo, 1996"
"568","568","329",40.5,123.2,5.9,803,57.2,63.81,NA,95,0.9,NA,"Luo, 1996"
"569","569","217",34,107.3,9.6,657,109.4,139.38,NA,86,0.78,NA,"Luo, 1996"
"570","570","403",46.8,134,1.7,715,56.6,68.19,NA,103,0.83,NA,"Luo, 1996"
"571","571","79",42.4,128.1,4.1,810,82.4,98.66,NA,140,0.83,NA,"Luo, 1996"
"572","572","79",40.7,127.5,4.2,962,99.4,119.6,NA,157,0.83,NA,"Luo, 1996"
"573","573","335",43.3,128.2,3,761,79.6,97.6,NA,156,0.82,NA,"Luo, 1996"
"574","574","235",41.8,126.9,4,840,68.3,79.37,NA,125,0.86,NA,"Luo, 1996"
"575","575","291",44.5,130.2,1.8,732,43,55.11,NA,102,0.78,NA,"Luo, 1996"
"576","576","404",43.3,129.7,3.7,785,69.7,87.15,NA,101,0.8,NA,"Luo, 1996"
"577","577","184",50.4,124,-2.4,410,26.1,35.2,NA,97,0.74,NA,"Luo, 1996"
"578","578","355",37.7,111.48,8.1,482,43.8,51.08,NA,88,0.86,NA,"Luo, 1996"
"579","579","355",36.75,112.48,5.9,635,39.1,45.81,NA,81,0.85,NA,"Luo, 1996"
"580","580","105",33.2,104.2,8.2,870,52,58.98,NA,80,0.88,NA,"Luo, 1996"
"581","581","266",32.6,103,7.1,779,65.5,73.17,NA,120,0.9,NA,"Luo, 1996"
"582","582","403",46.8,134,1.9,719,55.1,77.84,NA,81,0.71,NA,"Luo, 1996"
"583","583","79",41.8,126.9,3.3,863,72.1,103.01,NA,83,0.7,NA,"Luo, 1996"
"584","584","361",32.98,104.19,4.1,892,48.4,63.23,NA,83,0.77,NA,"Luo, 1996"
"585","585","239",31.4,103.1,7.8,835,92.2,119.96,NA,94,0.77,NA,"Luo, 1996"
"586","586","105",33.53,104.91,3.6,963,46.5,61.18,NA,98,0.76,NA,"Luo, 1996"
"587","587","105",33.57,103.69,3.9,811,61.7,82.9,NA,110,0.74,NA,"Luo, 1996"
"588","588","415",30.9,103.1,9.9,858,45.5,58.7,NA,82,0.78,NA,"Luo, 1996"
"589","589","293",28.7,96.7,12.1,713,59.5,84.14,NA,81,0.71,NA,"Luo, 1996"
"590","590","412",27.1,107.8,4.9,1189,120.1,157.81,NA,222,0.76,NA,"Luo, 1996"
"591","591","81",42.4,128.1,1.8,750,53.6,NA,NA,80,NA,NA,"Luo, 1996"
"592","592","2",64.21,19.5,1,588,74.3,97,NA,180,0.77,NA,"Luyssaert et al., 2007"
"593","593","6",54.25,-117,2.6,500,50,79,NA,NA,0.63,NA,"Luyssaert et al., 2007"
"594","594","7",44.25,-122.2,6.3,1100,435.3,577.35,NA,552,0.75,NA,"Luyssaert et al., 2007"
"595","595","8",44.23,-122.17,6.3,1100,367.8,488.79,NA,795,0.75,NA,"Luyssaert et al., 2007"
"596","596","9",44.26,-122.18,5.8,1350,468.6,621.52,NA,629,0.75,NA,"Luyssaert et al., 2007"
"597","597","10",44.27,-122.22,5.8,1350,167.7,217.96,NA,142,0.77,NA,"Luyssaert et al., 2007"
"598","598","11",44.27,-122.23,5.8,1350,386.9,503.97,NA,146,0.77,NA,"Luyssaert et al., 2007"
"599","599","12",44.26,-122.19,5.8,1350,319.5,417.81,NA,166,0.76,NA,"Luyssaert et al., 2007"
"600","600","13",44.25,-122.33,8.5,2250,362.4,401.16,NA,450,0.9,NA,"Luyssaert et al., 2007"
"601","601","16",35.33,135.75,11.3,2788,137.4,158.67,NA,150,0.87,NA,"Luyssaert et al., 2007"
"602","602","17",48.2,7.18,5.4,1192,123.3,150,NA,161,0.82,NA,"Luyssaert et al., 2007"
"603","603","18",48.2,7.18,5.4,1192,125.6,147,NA,92,0.85,NA,"Luyssaert et al., 2007"
"604","604","30",44.06,-71.29,6.9,1270,107.3,127.1,NA,80,0.84,NA,"Luyssaert et al., 2007"
"605","605","36",43.71,-122.94,9.1,1590,652.7,NA,NA,171,NA,NA,"Luyssaert et al., 2007"
"606","606","41",64.75,-148.25,-3.5,269,63.7,73.64,NA,100,0.86,NA,"Luyssaert et al., 2007"
"607","607","42",64.75,-148.25,-3.5,269,70.5,79.65,NA,250,0.88,NA,"Luyssaert et al., 2007"
"608","608","43",64.75,-148.25,-3.5,269,15,19.72,NA,250,0.76,NA,"Luyssaert et al., 2007"
"609","609","44",64.75,-148.25,-3.5,269,78.4,88.59,NA,80,0.88,NA,"Luyssaert et al., 2007"
"610","610","45",64.75,-148.25,-3.5,269,70.3,76.82,NA,155,0.91,NA,"Luyssaert et al., 2007"
"611","611","46",54.1,10.23,8.9,772,151,NA,NA,110,NA,NA,"Luyssaert et al., 2007"
"612","612","49",44.77,-121.9,6.3,1800,211.6,NA,NA,300,NA,NA,"Luyssaert et al., 2007"
"613","613","52",46,-66,5,1200,87,NA,NA,NA,NA,NA,"Luyssaert et al., 2007"
"614","614","54",51,-82,5.5,1000,67,NA,NA,NA,NA,NA,"Luyssaert et al., 2007"
"615","615","55",56,-94,-3,600,34,NA,NA,NA,NA,NA,"Luyssaert et al., 2007"
"616","616","56",45,-77,6.5,860,113,NA,NA,NA,NA,NA,"Luyssaert et al., 2007"
"617","617","57",52,-118,4,1000,107,NA,NA,NA,NA,NA,"Luyssaert et al., 2007"
"618","618","58",51,-125,6.7,2250,80,NA,NA,NA,NA,NA,"Luyssaert et al., 2007"
"619","619","63",45.07,-123.89,9.9,2500,451.2,585.29,NA,185,0.77,NA,"Luyssaert et al., 2007"
"620","620","64",45.08,-123.9,9.9,2500,562.9,744.53,NA,168,0.76,NA,"Luyssaert et al., 2007"
"621","621","65",45.04,-123.9,9.9,2500,538.3,674.3,NA,178,0.8,NA,"Luyssaert et al., 2007"
"622","622","75",19.5,-105.02,24.9,707,40,NA,NA,100,NA,NA,"Luyssaert et al., 2007"
"623","623","76",19.5,-105.02,24.9,744,40.4,55.28,NA,100,0.73,NA,"Luyssaert et al., 2007"
"624","624","77",19.5,-105.02,24.9,707,40,NA,NA,100,NA,NA,"Luyssaert et al., 2007"
"625","625","89",49.69,-74.34,-0.5,1008,45,61,NA,95,0.74,NA,"Luyssaert et al., 2007"
"626","626","93",41.85,13.59,7.5,1169,113.1,147.71,NA,102,0.77,NA,"Luyssaert et al., 2007"
"627","627","97",50.15,11.87,4.5,1000,124.4,NA,NA,148,NA,NA,"Luyssaert et al., 2007"
"628","628","111",2.5,-60,26.2,2620,178,NA,NA,100,NA,NA,"Luyssaert et al., 2007"
"629","629","124",43.49,-122.19,6.4,980,403.2,NA,NA,118,NA,NA,"Luyssaert et al., 2007"
"630","630","129",39.9,-105.87,2.9,740,79,91.35,NA,245,0.86,NA,"Luyssaert et al., 2007"
"631","631","137",50.15,11.87,4.5,1000,139.7,NA,NA,114,NA,NA,"Luyssaert et al., 2007"
"632","632","144",42.47,-123.27,10.2,1390,396.6,NA,NA,307,NA,NA,"Luyssaert et al., 2007"
"633","633","146",55.96,12.25,7.5,632,158.6,194,NA,118,0.82,NA,"Luyssaert et al., 2007"
"634","634","151",5.28,-52.91,25.8,2914,218.4,NA,NA,100,NA,NA,"Luyssaert et al., 2007"
"635","635","152",51.08,10.45,8.1,795,204.8,239.17,NA,270,0.86,NA,"Luyssaert et al., 2007"
"636","636","155",19.75,-155.25,19.3,5800,61.5,NA,NA,100,NA,NA,"Luyssaert et al., 2007"
"637","637","156",19.75,-155.25,13,2600,40.5,NA,NA,100,NA,NA,"Luyssaert et al., 2007"
"638","638","162",44.48,-123.86,10.3,2330,237.8,NA,NA,85,NA,NA,"Luyssaert et al., 2007"
"639","639","163",44.4,-123.79,10.3,2330,332.6,NA,NA,105,NA,NA,"Luyssaert et al., 2007"
"640","640","165",56.3,10.48,7.1,660,104,124.3,NA,85,0.84,NA,"Luyssaert et al., 2007"
"641","641","169",44,-71.5,6,1325,62.4,75.8,NA,110,0.82,NA,"Luyssaert et al., 2007"
"642","642","174",62.85,30.97,2,662,50.3,73.37,NA,100,0.69,NA,"Luyssaert et al., 2007"
"643","643","177",53,103,1.3,471,86.6,118.71,NA,95,0.73,NA,"Luyssaert et al., 2007"
"644","644","178",50.1,20.37,7.8,729,114.4,137.86,NA,100,0.83,NA,"Luyssaert et al., 2007"
"645","645","180",60.82,16.5,5.3,607,29.9,39.96,NA,120,0.75,NA,"Luyssaert et al., 2007"
"646","646","181",60.82,16.5,5.3,664,31.5,34.27,NA,125,0.92,NA,"Luyssaert et al., 2007"
"647","647","197",62,34,2.2,650,67.8,83.37,NA,82,0.81,NA,"Luyssaert et al., 2007"
"648","648","198",62,34,2.2,650,87.1,106.36,NA,98,0.82,NA,"Luyssaert et al., 2007"
"649","649","199",62,34,2.2,650,90.4,111.53,NA,109,0.81,NA,"Luyssaert et al., 2007"
"650","650","200",62,34,2.2,650,98.1,119.71,NA,126,0.82,NA,"Luyssaert et al., 2007"
"651","651","201",62,34,2.2,650,94.2,116.57,NA,138,0.81,NA,"Luyssaert et al., 2007"
"652","652","205",20.05,-155.9,16,2500,72.5,NA,NA,100,NA,NA,"Luyssaert et al., 2007"
"653","653","206",64.67,47.5,-1.2,499,62.4,81.56,NA,125,0.77,NA,"Luyssaert et al., 2007"
"654","654","208",22.05,-159.5,16,2500,103,NA,NA,100,NA,NA,"Luyssaert et al., 2007"
"655","655","212",66.37,29.33,0,500,48.9,66.59,NA,260,0.73,NA,"Luyssaert et al., 2007"
"656","656","216",55.75,13.92,6,900,106.2,123.42,NA,100,0.86,NA,"Luyssaert et al., 2007"
"657","657","219",51.33,10.36,6.5,775,133.4,155.17,NA,153,0.86,NA,"Luyssaert et al., 2007"
"658","658","220",51.33,10.36,7.6,758,200.8,235.12,NA,111,0.85,NA,"Luyssaert et al., 2007"
"659","659","301",43.03,-89.4,6.9,777,125,156.03,NA,130,0.8,NA,"Luyssaert et al., 2007"
"660","660","305",60.09,17.48,6.2,560,112.7,141.52,NA,103,0.8,NA,"Luyssaert et al., 2007"
"661","661","317",55.7,13.63,7,650,148.1,168.45,NA,100,0.88,NA,"Luyssaert et al., 2007"
"662","662","319",-2.98,-47.52,24.1,1750,62.5,NA,NA,100,NA,NA,"Luyssaert et al., 2007"
"663","663","320",2.98,102.3,25.6,1889,195.3,NA,NA,100,NA,NA,"Luyssaert et al., 2007"
"664","664","327",53.92,-104.68,1.1,359,47.8,62.78,NA,107,0.76,NA,"Luyssaert et al., 2007"
"665","665","328",21.15,-156.8,21.4,2500,68.5,NA,NA,100,NA,NA,"Luyssaert et al., 2007"
"666","666","344",1.93,-67.05,26,3403,129.4,155.2,NA,165,0.83,NA,"Luyssaert et al., 2007"
"667","667","351",50.06,11.83,5.5,890,130.8,158,NA,120,0.83,NA,"Luyssaert et al., 2007"
"668","668","358",36.67,138.5,4.2,1455,90.5,120.61,NA,290,0.75,NA,"Luyssaert et al., 2007"
"669","669","362",51.82,9.58,6.3,1054,129.3,146.69,NA,116,0.88,NA,"Luyssaert et al., 2007"
"670","670","370",46.24,-89.34,3.9,771,127,133.99,NA,350,0.95,NA,"Luyssaert et al., 2007"
"671","671","380",50.96,13.57,8.3,807,126.3,168.13,NA,107,0.75,NA,"Luyssaert et al., 2007"
"672","672","381",50.93,13.46,7.5,820,110.7,147.99,NA,97,0.75,NA,"Luyssaert et al., 2007"
"673","673","382",55.9,-98.47,-0.2,352,57.2,77.93,NA,152,0.73,NA,"Luyssaert et al., 2007"
"674","674","383",55.8,-97.87,0.1,536,31,53,NA,NA,0.58,NA,"Luyssaert et al., 2007"
"675","675","383",55.8,-97.87,0.1,536,72,116,NA,NA,0.62,NA,"Luyssaert et al., 2007"
"676","676","388",58,83,1.2,520,163.4,189.82,NA,122,0.86,NA,"Luyssaert et al., 2007"
"677","677","389",58,83,1.2,520,79.2,98.4,NA,80,0.81,NA,"Luyssaert et al., 2007"
"678","678","392",-14.3,-170.68,26.9,3207,122,160,NA,NA,0.76,NA,"Luyssaert et al., 2007"
"679","679","396",50.07,4.35,8.5,952,56.9,73.32,NA,80,0.78,NA,"Luyssaert et al., 2007"
"680","680","400",50.2,11.88,5.5,890,115.1,152,NA,142,0.76,NA,"Luyssaert et al., 2007"
"681","681","413",50.45,11.45,5.5,950,137.3,172.96,NA,116,0.79,NA,"Luyssaert et al., 2007"
"682","682","436",60.72,89.13,-4.9,542,76.5,91.36,NA,208,0.84,NA,"Luyssaert et al., 2007"
"683","683","440",33.33,133,13.6,2748,266.5,344.27,NA,443,0.77,NA,"Luyssaert et al., 2007"
"684","684","441",33.33,133,13.6,2748,235.7,304.17,NA,145,0.77,NA,"Luyssaert et al., 2007"
"685","685","236",55.73,13.3,7,644,94.5,112.8,NA,190,0.84,NA,"Luyssaert et al., 2007"
"686","686","244",52.17,5.74,10.1,903,42.6,49.49,NA,88,0.86,NA,"Luyssaert et al., 2007"
"687","687","245",45.83,-122.09,8.2,2930,343.5,NA,NA,111,NA,NA,"Luyssaert et al., 2007"
"688","688","246",45.85,-122.11,8.2,2930,444.5,NA,NA,85,NA,NA,"Luyssaert et al., 2007"
"689","689","249",-11.48,27.6,20.3,1273,79.7,91.66,NA,120,0.87,NA,"Luyssaert et al., 2007"
"690","690","265",55.99,-98.99,-4.6,536,29,50,NA,NA,0.58,NA,"Luyssaert et al., 2007"
"691","691","265",55.99,-98.99,-4.6,536,57,92,NA,NA,0.62,NA,"Luyssaert et al., 2007"
"692","692","265",55.99,-98.99,-4.6,536,57,74,NA,NA,0.77,NA,"Luyssaert et al., 2007"
"693","693","271",54.21,-2.89,7.8,1115,60.4,95.71,NA,80,0.63,NA,"Luyssaert et al., 2007"
"694","694","274",44.42,-121.67,8.1,482,108.9,147.17,NA,148,0.74,NA,"Luyssaert et al., 2007"
"695","695","275",44.5,-121.62,8.4,630,122.3,162.17,NA,190,0.75,NA,"Luyssaert et al., 2007"
"696","696","276",44.42,-121.61,8.4,630,157,205.33,NA,316,0.76,NA,"Luyssaert et al., 2007"
"697","697","277",44.45,-121.56,8.4,630,69,92.08,NA,88,0.75,NA,"Luyssaert et al., 2007"
"698","698","278",44.43,-121.67,8.4,630,108,142.88,NA,106,0.76,NA,"Luyssaert et al., 2007"
"699","699","279",44.45,-121.67,8.4,630,54.5,70.49,NA,93,0.77,NA,"Luyssaert et al., 2007"
"700","700","280",44.46,-121.66,8.4,630,142.3,188.91,NA,96,0.75,NA,"Luyssaert et al., 2007"
"701","701","282",47.5,-93.5,4.1,690,34,NA,NA,NA,NA,NA,"Luyssaert et al., 2007"
"702","702","287",44.69,-121.87,5.8,1350,309.5,NA,NA,262,NA,NA,"Luyssaert et al., 2007"
"703","703","288",44.7,-121.87,5.8,1350,275.6,NA,NA,304,NA,NA,"Luyssaert et al., 2007"
"704","704","292",45.43,28.55,10.6,975,30.2,NA,NA,NA,NA,NA,"Garbarino et al., 2009"
"705","705","292",45.45,28.69,10.6,975,46.5,NA,NA,NA,NA,NA,"Garbarino et al., 2009"
"706","706","262",51.07,121.27,-6.6,504,44.3,61.3,NA,114,0.72,NA,"Our work"
"707","707","133",42.47,127.63,1.7,817,131,149,NA,250,0.88,NA,"Our work"
"708","708","285",52.47,122.53,-4.8,468,28.1,38.8,NA,125,0.72,NA,"Our work"
"709","709","209",11.2,78.3,28.2,1440,130.6,154,NA,NA,0.85,NA,"Ramachandran et al., 2007"
"711","711","28",29.78,78.63,20.4,950,71.8,83,NA,NA,0.86,NA,"Sharma et al., 2010"
"712","712","32",30.28,79.98,3.2,946,69.4,80,NA,NA,0.86,NA,"Sharma et al., 2010"
"713","713","35",29.8,78.8,17.9,1300,217.2,245,NA,NA,0.89,NA,"Sharma et al., 2010"
"714","714","50",30.15,78.8,17.9,1450,79.7,92,NA,NA,0.87,NA,"Sharma et al., 2010"
"715","715","84",30.1,78.96,17.9,2350,112.1,128,NA,NA,0.87,NA,"Sharma et al., 2010"
"716","716","115",30.13,79.6,16.3,1475,117.6,135,NA,NA,0.87,NA,"Sharma et al., 2010"
"717","717","115",30.13,79.6,16.3,1825,152.7,174,NA,NA,0.88,NA,"Sharma et al., 2010"
"718","718","116",30.25,78.78,17.9,1870,57.2,67,NA,NA,0.86,NA,"Sharma et al., 2010"
"719","719","126",29.8,78.65,20.4,1757,63.1,73,NA,NA,0.86,NA,"Sharma et al., 2010"
"720","720","148",29.78,78.63,20.4,1300,64.3,75,NA,NA,0.86,NA,"Sharma et al., 2010"
"721","721","183",30.1,78.96,17.9,1125,135.8,155,NA,NA,0.88,NA,"Sharma et al., 2010"
"722","722","194",28.49,78.76,24.9,2080,103.8,119,NA,NA,0.87,NA,"Sharma et al., 2010"
"723","723","195",30.08,78.3,20.4,1549,95.8,110,NA,NA,0.87,NA,"Sharma et al., 2010"
"724","724","214",29.78,78.63,20.4,2030,139.8,159,NA,NA,0.88,NA,"Sharma et al., 2010"
"725","725","215",30.28,79.98,20.4,1760,84.4,97,NA,NA,0.87,NA,"Sharma et al., 2010"
"726","726","296",29.576,79.104,22.9,2160,93.2,107,NA,NA,0.87,NA,"Sharma et al., 2010"
"727","727","322",30.25,78.78,17.9,1400,57.6,67,NA,NA,0.86,NA,"Sharma et al., 2010"
"728","728","339",29.82,78.8,17.9,1100,50.7,59,NA,NA,0.86,NA,"Sharma et al., 2010"
"729","729","377",29.3,79.56,20.1,2135,76.4,88,NA,NA,0.86,NA,"Sharma et al., 2010"
"730","730","379",30.05,79.05,17.9,1320,119.9,137,NA,NA,0.87,NA,"Sharma et al., 2010"
"732","732","361",32,103,9.6,650,149.7,NA,NA,NA,NA,NA,"Zhang et al., 2008"
"735","735","429",52.5,124.5,-3,500,22,27.285,NA,100,0.81,NA,"Zhou et al., 2002"
"736","736","166",48.26,120.04,-2,459,46,NA,NA,81,NA,NA,"Zhu et al., 2005"
"737","737","166",48.26,120.04,-2,459,55.3,NA,NA,86,NA,NA,"Zhu et al., 2005"
"738","738","170",26.8,109.5,16.5,1300,168,202,NA,NA,0.83,NA,"CERN"
"739","739","427",21.95,101.025,21,1532,138,172,NA,NA,0.8,NA,"CERN"
"740","740","78",42.4,128.1,3.6,695,103.3,132.7,NA,NA,0.78,NA,"CERN"
"741","741","6",54.17,-116.77,2.6,579,138.22,NA,NA,149,NA,NA,"Ma et al., 2012"
"742","742","6",55.33,-111.84,0.2,475,127.11,NA,NA,99,NA,NA,"Ma et al., 2012"
"743","743","6",49.38,-114.39,2.5,669,88.55,NA,NA,123,NA,NA,"Ma et al., 2012"
"744","744","6",49.34,-114.15,1.5,648,182.92,NA,NA,105,NA,NA,"Ma et al., 2012"
"745","745","6",50.18,-114.47,0,631,152.72,NA,NA,136,NA,NA,"Ma et al., 2012"
"746","746","6",50.27,-114.59,0.8,626,141.29,NA,NA,117,NA,NA,"Ma et al., 2012"
"747","747","6",50.26,-114.6,0.2,635,128.03,NA,NA,138,NA,NA,"Ma et al., 2012"
"748","748","6",50.25,-114.6,0.2,636,120.86,NA,NA,136,NA,NA,"Ma et al., 2012"
"749","749","6",50.22,-114.59,-0.1,646,213.74,NA,NA,168,NA,NA,"Ma et al., 2012"
"750","750","6",50.25,-114.59,0.2,638,120.54,NA,NA,130,NA,NA,"Ma et al., 2012"
"751","751","6",50.29,-114.57,0.8,622,119.02,NA,NA,152,NA,NA,"Ma et al., 2012"
"752","752","6",51.45,-115.05,0.4,555,154.1,NA,NA,119,NA,NA,"Ma et al., 2012"
"753","753","6",52.4,-115.67,0.8,569,95.87,NA,NA,125,NA,NA,"Ma et al., 2012"
"754","754","6",54.51,-117.62,2.2,597,210.25,NA,NA,163,NA,NA,"Ma et al., 2012"
"755","755","6",56.79,-118.59,-0.6,456,182.22,NA,NA,164,NA,NA,"Ma et al., 2012"
"756","756","6",56.55,-119.31,-0.1,439,131.41,NA,NA,123,NA,NA,"Ma et al., 2012"
"757","757","6",57.13,-118.33,-0.9,450,171.75,NA,NA,197,NA,NA,"Ma et al., 2012"
"758","758","6",55.51,-114.25,-0.9,524,125.4,NA,NA,190,NA,NA,"Ma et al., 2012"
"759","759","6",50.14,-114.51,-0.7,652,175.39,NA,NA,194,NA,NA,"Ma et al., 2012"
"760","760","6",50.15,-114.5,-0.5,646,168.83,NA,NA,221,NA,NA,"Ma et al., 2012"
"761","761","6",50.16,-114.51,-1.2,651,168.66,NA,NA,226,NA,NA,"Ma et al., 2012"
"762","762","6",50.16,-114.5,-1,649,159.11,NA,NA,225,NA,NA,"Ma et al., 2012"
"763","763","6",50.2,-114.55,-0.6,649,163.25,NA,NA,230,NA,NA,"Ma et al., 2012"
"764","764","6",50.19,-114.55,-0.9,652,201.87,NA,NA,172,NA,NA,"Ma et al., 2012"
"765","765","6",53.03,-115.25,1.8,543,224.99,NA,NA,158,NA,NA,"Ma et al., 2012"
"766","766","6",53.28,-115.45,1.6,559,170,NA,NA,176,NA,NA,"Ma et al., 2012"
"767","767","6",55.14,-114.82,-1.1,551,210.59,NA,NA,189,NA,NA,"Ma et al., 2012"
"768","768","348",54.09,-105.7,-0.3,465,188.08,NA,NA,118,NA,NA,"Ma et al., 2012"
"769","769","348",53.8,-105.38,-0.3,459,126.66,NA,NA,130,NA,NA,"Ma et al., 2012"
"770","770","348",54.52,-107.27,0,449,195.37,NA,NA,122,NA,NA,"Ma et al., 2012"
"771","771","348",54.12,-105.95,-0.4,468,94.93,NA,NA,109,NA,NA,"Ma et al., 2012"
"772","772","348",54.48,-104.27,-1.1,503,85.26,NA,NA,158,NA,NA,"Ma et al., 2012"
"773","773","348",54.46,-105.24,-0.8,491,120.29,NA,NA,104,NA,NA,"Ma et al., 2012"
"774","774","348",55.97,-107.73,-0.8,446,180.86,NA,NA,115,NA,NA,"Ma et al., 2012"
"775","775","348",54.79,-107.88,0.1,447,165.22,NA,NA,117,NA,NA,"Ma et al., 2012"
"776","776","348",55.07,-107.27,-0.3,455,171.17,NA,NA,126,NA,NA,"Ma et al., 2012"
"777","777","348",55.09,-108.86,-0.3,456,168.58,NA,NA,137,NA,NA,"Ma et al., 2012"
"778","778","348",55.36,-104.92,-1.1,502,154.29,NA,NA,104,NA,NA,"Ma et al., 2012"
"779","779","348",54.05,-105.48,-0.6,475,195.73,NA,NA,102,NA,NA,"Ma et al., 2012"
"780","780","348",54.44,-105.26,-0.8,490,185.16,NA,NA,147,NA,NA,"Ma et al., 2012"
"781","781","348",54.45,-105.24,-0.8,492,173.37,NA,NA,114,NA,NA,"Ma et al., 2012"
"782","782","348",54.97,-108.26,0,450,182.23,NA,NA,124,NA,NA,"Ma et al., 2012"
"783","783","348",54.97,-108.42,-0.2,454,206.72,NA,NA,179,NA,NA,"Ma et al., 2012"
"784","784","348",54.79,-107.88,0.1,447,142.09,NA,NA,147,NA,NA,"Ma et al., 2012"
"785","785","348",55.09,-108.86,-0.3,456,193.96,NA,NA,132,NA,NA,"Ma et al., 2012"
"786","786","348",53.62,-108.35,-0.3,450,220.87,NA,NA,139,NA,NA,"Ma et al., 2012"
"787","787","348",54.48,-107.07,-0.1,454,196.86,NA,NA,131,NA,NA,"Ma et al., 2012"
"788","788","348",53.13,-102.68,-1,496,194.06,NA,NA,157,NA,NA,"Ma et al., 2012"
"789","789","348",53.03,-102.64,-0.7,489,189.93,NA,NA,111,NA,NA,"Ma et al., 2012"
"790","790","348",54.54,-106.47,-0.9,484,223.53,NA,NA,116,NA,NA,"Ma et al., 2012"
"791","791","348",54.54,-106.47,-0.9,484,172.88,NA,NA,109,NA,NA,"Ma et al., 2012"
"792","792","348",53.62,-108.35,-0.3,450,213.06,NA,NA,127,NA,NA,"Ma et al., 2012"
"793","793","348",54.23,-107.77,0.4,442,110.21,NA,NA,112,NA,NA,"Ma et al., 2012"
"794","794","348",53.97,-105.72,-0.3,461,184.41,NA,NA,142,NA,NA,"Ma et al., 2012"
"795","795","264",51.59,-100.86,0.1,506,90.78,NA,NA,131,NA,NA,"Ma et al., 2012"
"796","796","264",49.69,-96.14,2,523,225.34,NA,NA,100,NA,NA,"Ma et al., 2012"
"797","797","264",49.28,-96.04,1.7,537,204.62,NA,NA,100,NA,NA,"Ma et al., 2012"
"798","798","264",50.02,-95.52,1.9,545,164.64,NA,NA,122,NA,NA,"Ma et al., 2012"
"799","799","264",51.66,-95.79,0.4,550,107.95,NA,NA,103,NA,NA,"Ma et al., 2012"
"800","800","264",51.06,-95.82,1.4,543,105.24,NA,NA,170,NA,NA,"Ma et al., 2012"
"801","801","264",51.02,-95.47,1,562,74.64,NA,NA,172,NA,NA,"Ma et al., 2012"
"802","802","264",51.73,-97.4,0.1,497,122.2,NA,NA,95,NA,NA,"Ma et al., 2012"
"803","803","264",51.75,-97.38,0,498,143.64,NA,NA,93,NA,NA,"Ma et al., 2012"
"804","804","264",52.77,-98.96,0.2,467,162.39,NA,NA,95,NA,NA,"Ma et al., 2012"
"805","805","264",52.89,-99.12,0.1,474,68.53,NA,NA,148,NA,NA,"Ma et al., 2012"
"806","806","264",52.91,-99.19,0.1,476,75.1,NA,NA,104,NA,NA,"Ma et al., 2012"
"807","807","264",53.36,-101.09,0.2,459,116.73,NA,NA,121,NA,NA,"Ma et al., 2012"
"808","808","264",53.88,-100.27,-0.3,469,161.83,NA,NA,115,NA,NA,"Ma et al., 2012"
"809","809","264",54.16,-101.26,-0.3,463,63.58,NA,NA,113,NA,NA,"Ma et al., 2012"
"810","810","264",54.08,-101.32,-0.2,462,49.99,NA,NA,130,NA,NA,"Ma et al., 2012"
"811","811","307",50.72,-93.64,0.8,638,128.16,NA,NA,99,NA,NA,"Ma et al., 2012"
"812","812","307",49.75,-86.96,-0.4,810,141.04,NA,NA,133,NA,NA,"Ma et al., 2012"
"813","813","307",49.42,-84.08,0.2,771,101.71,NA,NA,122,NA,NA,"Ma et al., 2012"
"814","814","307",49.11,-83.07,0.6,797,158.61,NA,NA,105,NA,NA,"Ma et al., 2012"
"815","815","307",48.53,-80.28,0.7,817,111,NA,NA,97,NA,NA,"Ma et al., 2012"
"816","816","307",50.31,-90.49,-0.3,758,147.73,NA,NA,164,NA,NA,"Ma et al., 2012"
"817","817","307",48.72,-89.37,0.9,764,70.31,NA,NA,110,NA,NA,"Ma et al., 2012"
"818","818","307",48.17,-89.89,2.4,735,105.81,NA,NA,93,NA,NA,"Ma et al., 2012"
"819","819","307",48.61,-90.61,1.7,717,124.8,NA,NA,109,NA,NA,"Ma et al., 2012"
"820","820","307",48.46,-81.27,1,835,167.99,NA,NA,99,NA,NA,"Ma et al., 2012"
"821","821","334",50.24,-78.34,-0.9,849,156.59,NA,NA,197,NA,NA,"Ma et al., 2012"
"822","822","334",51.02,-77.11,-1.5,825,127.54,NA,NA,128,NA,NA,"Ma et al., 2012"
"823","823","334",50.66,-77.88,-1.1,821,107.24,NA,NA,140,NA,NA,"Ma et al., 2012"
"824","824","334",50.21,-77.95,-0.8,856,109.5,NA,NA,140,NA,NA,"Ma et al., 2012"
"825","825","334",50.96,-74.01,-1.6,884,95.4,NA,NA,118,NA,NA,"Ma et al., 2012"
"826","826","334",50.04,-73.38,-0.8,935,123.77,NA,NA,124,NA,NA,"Ma et al., 2012"
"827","827","334",49.03,-73.96,0.1,971,154.02,NA,NA,113,NA,NA,"Ma et al., 2012"
"828","828","334",48.83,-75.1,0.2,1006,159.49,NA,NA,106,NA,NA,"Ma et al., 2012"
"829","829","334",50.93,-71.96,-2.5,972,121.58,NA,NA,140,NA,NA,"Ma et al., 2012"
"830","830","334",49.63,-69.8,-0.3,975,194.54,NA,NA,118,NA,NA,"Ma et al., 2012"
"831","831","334",51.53,-66.03,-3.8,958,112.39,NA,NA,242,NA,NA,"Ma et al., 2012"
"832","832","334",52.06,-66.38,-3.7,901,104.62,NA,NA,188,NA,NA,"Ma et al., 2012"
"833","833","334",51.19,-66.98,-1.6,1010,121.45,NA,NA,190,NA,NA,"Ma et al., 2012"
"834","834","334",50.33,-65.94,0.7,1048,141.51,NA,NA,120,NA,NA,"Ma et al., 2012"
"835","835","334",51.01,-66.5,-1.8,1043,186.67,NA,NA,167,NA,NA,"Ma et al., 2012"
"836","836","334",51.09,-66.41,-2.2,1033,133.47,NA,NA,167,NA,NA,"Ma et al., 2012"
"837","837","347",4.1865,114.017,26,2725,260,NA,NA,NA,NA,NA,"Lee et al. http://www.ctfs.si.edu/site/Lambir/"
"838","838","114",18.5248,98.4965,20.9,1908,285,NA,NA,NA,NA,NA,"Lee et al. http://www.ctfs.si.edu/site/Lambir/"
"839","839","323",-3.95,-73.43,26.3,2762,134.8,NA,NA,NA,NA,NA,"Baker et al., 2004"
"840","840","323",-3.95,-73.43,26.3,2762,133.2,NA,NA,NA,NA,NA,"Baker et al., 2004"
"841","841","323",-3.95,-73.43,26.3,2762,143.8,NA,NA,NA,NA,NA,"Baker et al., 2004"
"842","842","323",-3.95,-73.43,26.3,2762,120.5,NA,NA,NA,NA,NA,"Baker et al., 2004"
"843","843","47",-2.4,-60,26.8,2448,189.3,NA,NA,NA,NA,NA,"Baker et al., 2004"
"844","844","47",-2.4,-59.9,26.8,2442,169.5,NA,NA,NA,NA,NA,"Baker et al., 2004"
"845","845","47",-2.4,-59.9,26.8,2442,125.3,NA,NA,NA,NA,NA,"Baker et al., 2004"
"846","846","47",-2.4,-59.9,26.8,2442,152.1,NA,NA,NA,NA,NA,"Baker et al., 2004"
"847","847","47",-2.4,-59.9,26.8,2442,147.5,NA,NA,NA,NA,NA,"Baker et al., 2004"
"848","848","47",-2.4,-59.9,26.8,2442,159.5,NA,NA,NA,NA,NA,"Baker et al., 2004"
"849","849","47",-2.4,-59.9,26.8,2442,163.4,NA,NA,NA,NA,NA,"Baker et al., 2004"
"850","850","47",-2.4,-59.9,26.8,2442,177.4,NA,NA,NA,NA,NA,"Baker et al., 2004"
"851","851","47",-2.4,-59.9,26.8,2442,174.5,NA,NA,NA,NA,NA,"Baker et al., 2004"
"852","852","47",-2.4,-60,26.8,2448,171.1,NA,NA,NA,NA,NA,"Baker et al., 2004"
"853","853","47",-2.4,-60,26.8,2448,178.1,NA,NA,NA,NA,NA,"Baker et al., 2004"
"854","854","47",-2.38,-60.1,27.1,2490,185.2,NA,NA,NA,NA,NA,"Baker et al., 2004"
"855","855","47",-2.38,-60.1,27.1,2490,194.8,NA,NA,NA,NA,NA,"Baker et al., 2004"
"856","856","47",-2.38,-60.1,27.1,2490,166,NA,NA,NA,NA,NA,"Baker et al., 2004"
"857","857","47",-2.38,-60.1,27.1,2490,162,NA,NA,NA,NA,NA,"Baker et al., 2004"
"858","858","47",-2.38,-60.1,27.1,2490,181.8,NA,NA,NA,NA,NA,"Baker et al., 2004"
"859","859","47",-2.38,-60.1,27.1,2490,179.3,NA,NA,NA,NA,NA,"Baker et al., 2004"
"860","860","121",-0.7,-76.48,24.9,3152,144.7,NA,NA,NA,NA,NA,"Baker et al., 2004"
"861","861","121",-0.7,-76.47,25,3140,111,NA,NA,NA,NA,NA,"Baker et al., 2004"
"862","862","47",-1.7,-51.53,26.7,2220,189.4,NA,NA,NA,NA,NA,"Baker et al., 2004"
"863","863","47",-1.7,-51.53,26.7,2220,182.3,NA,NA,NA,NA,NA,"Baker et al., 2004"
"864","864","37",-14.35,-61.16,24,1469,62.4,NA,NA,NA,NA,NA,"Baker et al., 2004"
"865","865","37",-14.54,-61.48,24,1384,106.8,NA,NA,NA,NA,NA,"Baker et al., 2004"
"866","866","37",-14.53,-61.48,23.9,1388,116.9,NA,NA,NA,NA,NA,"Baker et al., 2004"
"867","867","324",-12.5,-68.95,25.6,2075,141.7,NA,NA,NA,NA,NA,"Baker et al., 2004"
"868","868","324",-12.5,-68.95,25.6,2075,124.3,NA,NA,NA,NA,NA,"Baker et al., 2004"
"869","869","324",-12.49,-69.11,25.2,2160,125.1,NA,NA,NA,NA,NA,"Baker et al., 2004"
"870","870","324",-12.49,-69.11,25.2,2160,144.6,NA,NA,NA,NA,NA,"Baker et al., 2004"
"871","871","37",-14.56,-60.75,21,1509,124.6,NA,NA,NA,NA,NA,"Baker et al., 2004"
"872","872","37",-14.57,-60.74,21.5,1504,135.4,NA,NA,NA,NA,NA,"Baker et al., 2004"
"873","873","47",-2.38,-60.1,27.1,2490,157.9,NA,NA,NA,NA,NA,"Baker et al., 2004"
"874","874","47",-2.38,-60.1,27.1,2490,155.8,NA,NA,NA,NA,NA,"Baker et al., 2004"
"875","875","121",-1.07,-77.6,23.9,3663,124,NA,NA,NA,NA,NA,"Baker et al., 2004"
"876","876","121",-1.07,-77.67,23.6,3828,131.4,NA,NA,NA,NA,NA,"Baker et al., 2004"
"877","877","121",-1.07,-77.67,23.6,3828,159.3,NA,NA,NA,NA,NA,"Baker et al., 2004"
"878","878","121",-1.07,-77.67,23.6,3828,143.4,NA,NA,NA,NA,NA,"Baker et al., 2004"
"879","879","47",-1,-52.05,26.7,2459,193.5,NA,NA,NA,NA,NA,"Baker et al., 2004"
"880","880","37",-14.61,-60.87,24.1,1433,120,NA,NA,NA,NA,NA,"Baker et al., 2004"
"881","881","37",-14.6,-60.85,24.1,1438,142.5,NA,NA,NA,NA,NA,"Baker et al., 2004"
"882","882","38",-14.4,-61.13,24.1,1457,86.7,NA,NA,NA,NA,NA,"Baker et al., 2004"
"883","883","38",-14.4,-61.13,24.1,1457,101.8,NA,NA,NA,NA,NA,"Baker et al., 2004"
"884","884","323",-3.23,-72.9,26.2,2825,139.3,NA,NA,NA,NA,NA,"Baker et al., 2004"
"885","885","323",-3.23,-72.9,26.2,2825,143.7,NA,NA,NA,NA,NA,"Baker et al., 2004"
"886","886","323",-12.85,-69.28,25.3,2503,130,NA,NA,NA,NA,NA,"Baker et al., 2004"
"887","887","323",-12.83,-69.28,25.3,2478,130,NA,NA,NA,NA,NA,"Baker et al., 2004"
"888","888","324",-12.83,-69.28,25.3,2478,144.3,NA,NA,NA,NA,NA,"Baker et al., 2004"
"889","889","323",-12.83,-69.28,25.3,2478,133.1,NA,NA,NA,NA,NA,"Baker et al., 2004"
"890","890","323",-12.83,-69.3,25.4,2499,141,NA,NA,NA,NA,NA,"Baker et al., 2004"
"891","891","323",-12.83,-69.27,25.3,2477,128.6,NA,NA,NA,NA,NA,"Baker et al., 2004"
"892","892","48",-3.31,-54.94,25.3,1879,148.1,NA,NA,NA,NA,NA,"Baker et al., 2004"
"893","893","48",-3.31,-54.94,25.3,1879,186.9,NA,NA,NA,NA,NA,"Baker et al., 2004"
"894","894","48",-3.31,-54.94,25.3,1879,188.6,NA,NA,NA,NA,NA,"Baker et al., 2004"
"895","895","121",-0.63,-76.14,25.2,3008,130.4,NA,NA,NA,NA,NA,"Baker et al., 2004"
"896","896","121",-0.64,-76.15,25.3,3003,127.6,NA,NA,NA,NA,NA,"Baker et al., 2004"
"897","897","324",-3.43,-72.85,26.2,2807,149.6,NA,NA,NA,NA,NA,"Baker et al., 2004"
